0.5,0.3
-0.29999999999999993,0.5
-17.150000000000002,0.3
0.5,0.5
0.5,0.5
0.5,0.5
0.5,0.5
0.5,0.5
0.5,0.5
0.5,0.5
0.5,0.5
0.5,0.5
0.5,0.5
0.5,0.5
0.5,0.5
0.5,0.5
0.5,0.5
0.5,0.5
0.5,0.5
0.5,0.5
0.5,0.5
0.5,0.5
0.5,0.5
0.5,0.5
-2.1500000000000004,0.5
0.5,0.5
-143.34999999999997,-435.34999999999997
0.5,0.5
0.5,0.5
0.5,0.5
0.5,0.5
0.5,0.5
0.5,0.5
0.5,0.5
0.5,0.5
0.5,0.5
0.5,0.5
0.5,0.5
0.5,0.5
0.5,0.5
0.5,0.5
0.5,0.5
0.5,0.5
0.5,0.5
0.5,0.5
0.5,0.5
0.5,0.5
0.5,0.5
-3.6500000000000004,0.5
0.5,0.5
0.5,-141.55
0.5,0.5
0.5,0.5
0.5,0.5
0.5,0.5
0.5,0.5
0.5,0.5
0.5,0.5
0.5,0.5
0.5,0.5
0.5,0.5
0.5,0.5
0.5,0.5
0.5,0.5
0.5,0.5
0.5,0.5
0.5,0.5
0.5,0.5
0.5,0.5
0.5,0.5
0.5,0.5
0.5,0.5
0.5,0.5
0.5,0.5
-703.7500000000001,-6377.500000000001
0.5,0.5
0.5,0.5
0.5,0.5
0.5,0.5
0.5,0.5
0.5,0.5
0.5,0.5
0.5,0.5
0.5,0.5
0.5,0.5
0.5,0.5
0.5,0.5
0.5,0.5
0.5,0.5
0.5,0.5
0.5,0.5
0.5,0.5
0.5,0.5
0.5,0.5
0.5,0.5
0.5,0.5
0.5,0.5
0.5,0.5
0.5,0.5
0.5,0.5
0.5,0.5
0.5,0.5
0.5,0.5
0.5,0.5
0.5,0.5
0.5,0.5
0.5,0.5
0.5,0.5
0.5,0.5
0.5,0.5
0.5,0.5
0.5,0.5
0.5,0.5
0.5,0.5
0.5,0.5
0.5,0.5
0.5,0.5
0.5,0.5
0.5,0.5
0.5,0.5
0.5,0.5
0.5,0.5
0.5,0.5
0.5,0.5
0.5,0.5
0.5,0.5
0.5,0.5
0.5,0.5
0.5,0.5
0.5,0.5
0.5,0.5
0.5,0.5
0.5,0.5
0.5,0.5
0.5,0.5
0.5,0.5
0.5,0.5
0.5,0.5
0.5,0.5
0.5,0.5
0.5,0.5
0.5,0.5
0.5,0.5
0.5,0.5
0.5,0.5
0.5,0.5
0.5,0.5
0.5,0.5
0.5,0.5
0.5,0.5
0.5,0.5
0.5,0.5
0.5,0.5
0.5,0.5
0.5,0.5
0.5,0.5
0.5,0.5
0.5,0.5
0.5,0.5
0.5,0.5
0.5,0.5
0.5,0.5
0.5,0.5
0.5,0.5
0.5,0.5
0.5,0.5
0.5,0.5
0.5,0.5
0.5,0.5
0.5,0.5
0.5,0.5
0.5,0.5
0.5,0.5
0.5,0.5
0.5,0.5
0.5,0.5
0.5,0.5
0.5,0.5
0.5,0.5
0.5,0.5
0.5,0.5
0.5,0.5
0.5,0.5
0.5,0.5
0.5,0.5
0.5,0.5
0.5,0.5
0.5,0.5
0.5,0.5
0.5,0.5
0.5,0.5
0.5,0.5
0.5,0.5
0.5,0.5
0.5,0.5
0.5,0.5
0.5,0.5
0.5,0.5
0.5,0.5
0.5,0.5
0.5,0.5
0.5,0.5
0.5,0.5
0.5,0.5
0.5,0.5
0.5,0.5
0.5,0.5
0.5,0.5
0.5,0.5
0.5,0.5
0.5,0.5
0.5,0.5
0.5,0.5
0.5,0.5
0.5,0.5
0.5,0.5
0.5,0.5
0.5,0.5
0.5,0.5
0.5,0.5
0.5,0.5
0.5,0.5
0.5,0.5
0.5,0.5
0.5,0.5
0.5,0.5
0.5,0.5
0.5,0.5
0.5,0.5
0.5,0.5
0.5,0.5
0.5,0.5
0.5,0.5
0.5,0.5
0.5,0.5
0.5,0.5
0.5,0.5
0.5,0.5
0.5,0.5
0.5,0.5
0.5,0.5
0.5,0.5
0.5,0.5
0.5,0.5
0.5,0.5
0.5,0.5
0.5,0.5
0.5,0.5
0.5,0.5
0.5,0.5
0.5,0.5
0.5,0.5
0.5,0.5
0.5,0.5
0.5,0.5
0.5,0.5
0.5,0.5
0.5,0.5
0.5,0.5
0.5,0.5
0.5,0.5
0.5,0.5
0.5,0.5
0.5,0.5
0.5,0.5
0.5,0.5
0.5,0.5
0.5,0.5
0.5,0.5
0.5,0.5
0.5,0.5
0.5,0.5
0.5,0.5
0.5,0.5
0.5,0.5
0.5,0.5
0.5,0.5
0.5,0.5
0.5,0.5
0.5,0.5
0.5,0.5
0.5,0.5
0.5,0.5
0.5,0.5
0.5,0.5
0.5,0.5
0.5,0.5
0.5,0.5
0.5,0.5
0.5,0.5
0.5,0.5
0.5,0.5
0.5,0.5
0.5,0.5
0.5,0.5
0.5,0.5
0.5,0.5
0.5,0.5
0.5,0.5
0.5,0.5
0.5,0.5
0.5,0.5
0.5,0.5
0.5,0.5
0.5,0.5
0.5,0.5
0.5,0.5
0.5,0.5
0.5,0.5
0.5,0.5
0.5,0.5
0.5,0.5
0.5,0.5
0.5,0.5
0.5,0.5
0.5,0.5
0.5,0.5
0.5,0.5
0.5,0.5
0.5,0.5
0.5,0.5
0.5,0.5
0.5,0.5
0.5,0.5
0.5,0.5
0.5,0.5
0.5,0.5
0.5,0.5
0.5,0.5
0.5,0.5
0.5,0.5
0.5,0.5
0.5,0.5
0.5,0.5
0.5,0.5
0.5,0.5
0.5,0.5
0.5,0.5
0.5,0.5
0.5,0.5
0.5,0.5
0.5,0.5
0.5,0.5
0.5,0.5
0.5,0.5
0.5,0.5
0.5,0.5
0.5,0.5
0.5,0.5
0.5,0.5
0.5,0.5
0.5,0.5
0.5,0.5
0.5,0.5
0.5,0.5
0.5,0.5
0.5,0.5
0.5,0.5
0.5,0.5
0.5,0.5
0.5,0.5
0.5,0.5
0.5,0.5
0.5,0.5
0.5,0.5
0.5,0.5
0.5,0.5
0.5,0.5
0.5,0.5
0.5,0.5
0.5,0.5
0.5,0.5
0.5,0.5
0.5,0.5
-5606.099999999999,0.5
0.5,0.5
0.5,0.5
0.5,0.5
0.5,0.5
0.5,0.5
0.5,0.5
0.5,0.5
0.5,0.5
0.5,0.5
0.5,0.5
0.5,0.5
0.5,0.5
0.5,0.5
0.5,0.5
0.5,0.5
0.5,0.5
0.5,0.5
0.5,0.5
0.5,0.5
0.5,0.5
0.5,0.5
0.5,0.5
0.5,0.5
0.5,0.5
0.5,0.5
0.5,0.5
0.5,0.5
0.5,0.5
0.5,0.5
0.5,0.5
0.5,0.5
0.5,0.5
0.5,0.5
0.5,0.5
0.5,0.5
0.5,0.5
0.5,0.5
0.5,0.5
0.5,0.5
0.5,0.5
0.5,0.5
0.5,0.5
0.5,0.5
0.5,0.5
0.5,0.5
0.5,0.5
0.5,0.5
0.5,0.5
0.5,0.5
-513.7,0.5
0.5,0.5
0.5,0.5
0.5,0.5
0.5,0.5
0.5,0.5
0.5,0.5
0.5,0.5
-552.5,0.5
0.5,0.5
0.5,0.5
0.5,0.5
0.5,0.5
0.5,0.5
0.5,0.5
0.5,0.5
0.5,0.5
0.5,0.5
0.5,0.5
0.5,0.5
0.5,0.5
0.5,0.5
0.5,0.5
0.5,0.5
0.5,0.5
0.5,0.5
0.5,0.5
0.5,0.5
0.5,0.5
0.5,0.5
0.5,0.5
0.5,0.5
0.5,0.5
0.5,0.5
0.5,0.5
0.5,0.5
0.5,0.5
0.5,0.5
0.5,0.5
0.5,0.5
0.5,0.5
0.5,0.5
0.5,0.5
0.5,0.5
0.5,0.5
0.5,0.5
0.5,0.5
0.5,0.5
0.5,0.5
0.5,0.5
0.5,0.5
0.5,0.5
0.5,0.5
0.5,0.5
0.5,0.5
0.5,0.5
0.5,0.5
0.5,0.5
0.5,0.5
0.5,0.5
0.5,0.5
0.5,0.5
0.5,0.5
0.5,0.5
0.5,0.5
0.5,0.5
0.5,0.5
0.5,0.5
0.5,0.5
0.5,0.5
0.5,0.5
0.5,0.5
0.5,0.5
0.5,0.5
0.5,0.5
0.5,0.5
0.5,0.5
0.5,0.5
0.5,0.5
0.5,0.5
0.5,0.5
0.5,0.5
0.5,0.5
0.5,0.5
0.5,0.5
0.5,0.5
0.5,0.5
0.5,0.5
0.5,0.5
0.5,0.5
0.5,0.5
0.5,0.5
0.5,0.5
0.5,0.5
0.5,0.5
0.5,0.5
0.5,0.5
0.5,0.5
0.5,0.5
0.5,0.5
0.5,0.5
0.5,0.5
0.5,0.5
0.5,0.5
0.5,0.5
0.5,0.5
0.5,0.5
0.5,0.5
0.5,-780.5
0.5,0.5
0.5,0.5
0.5,0.5
0.5,0.5
0.5,0.5
0.5,0.5
0.5,0.5
-1098.7,0.5
0.5,0.5
0.5,0.5
0.5,0.5
0.5,0.5
0.5,0.5
0.5,0.5
-1767.85,0.5
0.5,0.5
0.5,0.5
0.5,0.5
0.5,0.5
0.5,0.5
0.5,0.5
0.5,0.5
-2556.8999999999996,0.5
0.5,0.5
0.5,0.5
0.5,0.5
0.5,0.5
0.5,0.5
0.5,0.5
-3468.45,0.5
0.5,0.5
0.5,0.5
0.5,0.5
0.5,0.5
0.5,0.5
0.5,0.5
0.5,0.5
0.5,0.5
0.5,0.5
0.5,0.5
0.5,0.5
0.5,0.5
0.5,0.5
0.5,0.5
0.5,0.5
0.5,0.5
0.5,0.5
0.5,0.5
0.5,0.5
0.5,0.5
0.5,0.5
0.5,0.5
0.5,0.5
0.5,0.5
0.5,0.5
0.5,0.5
0.5,0.5
0.5,0.5
0.5,0.5
0.5,0.5
0.5,0.5
0.5,0.5
0.5,0.5
0.5,0.5
0.5,0.5
0.5,0.5
0.5,0.5
0.5,0.5
0.5,0.5
0.5,0.5
0.5,0.5
0.5,0.5
0.5,0.5
0.5,0.5
0.5,0.5
0.5,0.5
-57.8,0.5
0.5,0.5
0.5,0.5
0.5,0.5
0.5,0.5
0.5,0.5
0.5,0.5
0.5,0.5
-226.8,0.5
0.5,0.5
0.5,0.5
0.5,0.5
0.5,0.5
0.5,0.5
0.5,0.5
0.5,0.5
0.5,0.5
0.5,0.5
0.5,0.5
0.5,0.5
0.5,0.5
0.5,0.5
0.5,0.5
0.5,0.5
0.5,0.5
0.5,0.5
0.5,0.5
0.5,0.5
0.5,0.5
0.5,0.5
0.5,0.5
0.5,0.5
0.5,0.5
0.5,0.5
0.5,0.5
0.5,0.5
0.5,0.5
0.5,0.5
0.5,0.5
0.5,0.5
0.5,0.5
0.5,0.5
0.5,0.5
0.5,0.5
0.5,0.5
0.5,0.5
0.5,0.5
0.5,0.5
0.5,0.5
0.5,0.5
0.5,0.5
0.5,0.5
0.5,0.5
0.5,0.5
0.5,0.5
0.5,0.5
0.5,0.5
0.5,0.5
0.5,0.5
0.5,0.5
0.5,0.5
-4503.599999999999,0.5
0.5,0.5
0.5,0.5
0.5,0.5
0.5,0.5
0.5,0.5
0.5,0.5
0.5,0.5
0.5,0.5
0.5,0.5
0.5,0.5
0.5,0.5
0.5,0.5
0.5,0.5
0.5,0.5
0.5,0.5
0.5,0.5
0.5,0.5
0.5,0.5
0.5,0.5
0.5,0.5
0.5,0.5
0.5,0.5
0.5,0.5
0.5,0.5
0.5,0.5
0.5,0.5
0.5,0.5
0.5,0.5
0.5,0.5
0.5,0.5
0.5,0.5
0.5,0.5
0.5,0.5
0.5,0.5
0.5,0.5
0.5,0.5
0.5,0.5
0.5,0.5
0.5,0.5
0.5,0.5
0.5,0.5
0.5,0.5
0.5,0.5
0.5,0.5
0.5,0.5
0.5,0.5
0.5,0.5
0.5,0.5
0.5,0.5
0.5,0.5
0.5,0.5
0.5,0.5
0.5,0.5
0.5,0.5
0.5,0.5
0.5,0.5
0.5,0.5
0.5,0.5
0.5,0.5
0.5,0.5
0.5,0.5
0.5,0.5
0.5,0.5
0.5,0.5
0.5,0.5
0.5,0.5
0.5,0.5
0.5,0.5
0.5,0.5
0.5,0.5
-19.25,0.5
0.5,0.5
0.5,0.5
0.5,0.5
0.5,0.5
0.5,0.5
0.5,0.5
0.5,0.5
0.5,0.5
0.5,0.5
0.5,0.5
0.5,0.5
0.5,0.5
0.5,0.5
0.5,0.5
0.5,0.5
0.5,0.5
0.5,0.5
0.5,0.5
0.5,0.5
0.5,0.5
0.5,0.5
0.5,0.5
0.5,0.5
0.5,0.5
0.5,0.5
0.5,0.5
0.5,0.5
0.5,0.5
0.5,0.5
0.5,0.5
0.5,0.5
0.5,0.5
0.5,0.5
0.5,0.5
0.5,0.5
0.5,0.5
0.5,0.5
0.5,0.5
0.5,0.5
0.5,0.5
0.5,0.5
0.5,0.5
0.5,0.5
0.5,0.5
0.5,0.5
0.5,0.5
0.5,0.5
0.5,0.5
0.5,0.5
0.5,0.5
0.5,0.5
0.5,0.5
0.5,0.5
0.5,0.5
0.5,0.5
0.5,0.5
0.5,0.5
0.5,0.5
0.5,0.5
0.5,0.5
0.5,0.5
0.5,0.5
0.5,0.5
0.5,0.5
0.5,0.5
0.5,0.5
0.5,0.5
0.5,0.5
0.5,0.5
0.5,0.5
0.5,0.5
0.5,0.5
0.5,0.5
0.5,0.5
0.5,0.5
0.5,0.5
0.5,0.5
0.5,0.5
0.5,0.5
0.5,0.5
0.5,0.5
0.5,0.5
0.5,0.5
0.5,0.5
0.5,0.5
0.5,0.5
0.5,0.5
0.5,0.5
0.5,0.5
0.5,0.5
0.5,0.5
0.5,0.5
0.5,0.5
0.5,0.5
0.5,0.5
0.5,0.5
0.5,0.5
0.5,0.5
0.5,0.5
0.5,0.5
0.5,0.5
0.5,0.5
0.5,0.5
0.5,0.5
0.5,0.5
0.5,0.5
0.5,0.5
0.5,0.5
0.5,0.5
0.5,0.5
0.5,0.5
0.5,0.5
0.5,0.5
0.5,0.5
0.5,0.5
0.5,0.5
0.5,0.5
0.5,0.5
0.5,0.5
0.5,0.5
0.5,0.5
0.5,0.5
0.5,0.5
0.5,0.5
0.5,0.5
0.5,0.5
0.5,0.5
0.5,0.5
0.5,0.5
0.5,0.5
0.5,0.5
0.5,0.5
0.5,0.5
0.5,0.5
0.5,0.5
0.5,0.5
0.5,0.5
0.5,0.5
0.5,0.5
0.5,0.5
0.5,0.5
0.5,0.5
0.5,0.5
0.5,0.5
0.5,0.5
0.5,0.5
0.5,0.5
0.5,0.5
0.5,0.5
0.5,0.5
0.5,0.5
0.5,0.5
0.5,0.5
0.5,0.5
0.5,0.5
0.5,0.5
0.5,0.5
0.5,0.5
0.5,0.5
0.5,0.5
0.5,0.5
0.5,0.5
0.5,0.5
0.5,0.5
0.5,0.5
0.5,0.5
0.5,0.5
0.5,0.5
0.5,0.5
0.5,0.5
0.5,0.5
0.5,0.5
0.5,0.5
0.5,0.5
0.5,0.5
0.5,0.5
0.5,0.5
0.5,0.5
0.5,0.5
0.5,0.5
0.5,0.5
0.5,0.5
0.5,0.5
0.5,0.5
0.5,0.5
0.5,0.5
0.5,0.5
0.5,0.5
0.5,0.5
0.5,0.5
0.5,0.5
0.5,0.5
0.5,0.5
0.5,0.5
0.5,0.5
0.5,0.5
0.5,0.5
0.5,0.5
0.5,0.5
0.5,0.5
0.5,0.5
0.5,0.5
0.5,0.5
0.5,0.5
0.5,0.5
0.5,0.5
0.5,0.5
0.5,0.5
0.5,0.5
0.5,0.5
0.5,0.5
0.5,0.5
0.5,0.5
0.5,0.5
0.5,0.5
0.5,0.5
0.5,0.5
0.5,0.5
0.5,0.5
0.5,0.5
0.5,0.5
0.5,0.5
0.5,0.5
0.5,0.5
0.5,0.5
0.5,0.5
0.5,0.5
0.5,0.5
0.5,0.5
0.5,0.5
0.5,0.5
0.5,0.5
0.5,0.5
0.5,0.5
0.5,0.5
0.5,0.5
0.5,0.5
0.5,0.5
0.5,0.5
0.5,0.5
0.5,0.5
0.5,0.5
0.5,0.5
0.5,0.5
0.5,0.5
0.5,0.5
0.5,0.5
0.5,0.5
0.5,0.5
0.5,0.5
0.5,0.5
0.5,0.5
0.5,0.5
0.5,0.5
0.5,0.5
0.5,0.5
0.5,0.5
0.5,0.5
0.5,0.5
0.5,0.5
0.5,0.5
0.5,0.5
0.5,0.5
0.5,0.5
0.5,0.5
0.5,0.5
0.5,0.5
0.5,0.5
0.5,0.5
0.5,0.5
0.5,0.5
0.5,0.5
0.5,0.5
0.5,0.5
0.5,0.5
0.5,0.5
0.5,0.5
0.5,0.5
0.5,0.5
0.5,0.5
0.5,0.5
0.5,0.5
0.5,0.5
0.5,0.5
0.5,0.5
0.5,0.5
0.5,0.5
0.5,0.5
0.5,0.5
0.5,0.5
0.5,0.5
0.5,0.5
0.5,0.5
0.5,0.5
0.5,0.5
0.5,0.5
0.5,0.5
0.5,0.5
0.5,0.5
0.5,0.5
0.5,0.5
0.5,0.5
0.5,0.5
0.5,0.5
0.5,0.5
0.5,0.5
0.5,0.5
0.5,0.5
0.5,0.5
0.5,0.5
0.5,0.5
0.5,0.5
0.5,0.5
0.5,0.5
0.5,0.5
0.5,0.5
0.5,0.5
0.5,0.5
0.5,0.5
0.5,0.5
0.5,0.5
0.5,0.5
0.5,0.5
0.5,0.5
0.5,0.5
0.5,0.5
0.5,0.5
0.5,0.5
0.5,0.5
0.5,0.5
0.5,0.5
0.5,0.5
0.5,0.5
0.5,0.5
0.5,0.5
0.5,0.5
0.5,0.5
0.5,0.5
0.5,0.5
0.5,0.5
0.5,0.5
0.5,0.5
0.5,0.5
0.5,0.5
0.5,0.5
0.5,0.5
0.5,0.5
0.5,0.5
0.5,0.5
0.5,0.5
0.5,0.5
0.5,0.5
0.5,0.5
0.5,0.5
0.5,0.5
0.5,0.5
0.5,0.5
0.5,0.5
0.5,0.5
0.5,0.5
0.5,0.5
0.5,0.5
0.5,0.5
0.5,0.5
0.5,0.5
0.5,0.5
0.5,0.5
0.5,0.5
0.5,0.5
0.5,0.5
0.5,0.5
0.5,0.5
0.5,0.5
0.5,0.5
0.5,0.5
0.5,0.5
0.5,0.5
0.5,0.5
0.5,0.5
0.5,0.5
0.5,0.5
0.5,0.5
0.5,0.5
0.5,0.5
0.5,0.5
0.5,0.5
0.5,0.5
0.5,0.5
0.5,0.5
0.5,0.5
0.5,0.5
0.5,0.5
0.5,0.5
0.5,0.5
0.5,0.5
0.5,0.5
0.5,0.5
0.5,0.5
0.5,0.5
0.5,0.5
0.5,0.5
0.5,0.5
0.5,0.5
0.5,0.5
0.5,0.5
0.5,0.5
0.5,0.5
0.5,0.5
0.5,0.5
0.5,0.5
0.5,0.5
0.5,0.5
0.5,0.5
0.5,0.5
0.5,0.5
0.5,0.5
0.5,0.5
0.5,0.5
0.5,0.5
0.5,0.5
0.5,0.5
0.5,0.5
0.5,0.5
0.5,0.5
0.5,0.5
0.5,0.5
0.5,0.5
0.5,0.5
0.5,0.5
0.5,0.5
0.5,0.5
0.5,0.5
0.5,0.5
0.5,0.5
0.5,0.5
0.5,0.5
0.5,0.5
0.5,0.5
0.5,0.5
0.5,0.5
0.5,0.5
0.5,0.5
0.5,0.5
0.5,0.5
0.5,0.5
0.5,0.5
0.5,0.5
0.5,0.5
0.5,0.5
0.5,0.5
0.5,0.5
0.5,0.5
0.5,0.5
0.5,0.5
0.5,0.5
0.5,0.5
0.5,0.5
0.5,0.5
0.5,0.5
0.5,0.5
0.5,0.5
0.5,0.5
0.5,0.5
0.5,0.5
0.5,0.5
0.5,0.5
0.5,0.5
0.5,0.5
0.5,0.5
0.5,0.5
0.5,0.5
0.5,0.5
0.5,0.5
0.5,0.5
0.5,0.5
0.5,0.5
0.5,0.5
0.5,0.5
0.5,0.5
0.5,0.5
0.5,0.5
0.5,0.5
0.5,0.5
0.5,0.5
0.5,0.5
0.5,0.5
0.5,0.5
0.5,0.5
0.5,0.5
0.5,0.5
0.5,0.5
0.5,0.5
0.5,0.5
0.5,0.5
0.5,0.5
0.5,0.5
0.5,0.5
0.5,0.5
0.5,0.5
0.5,0.5
0.5,0.5
0.5,0.5
0.5,0.5
0.5,0.5
0.5,0.5
0.5,0.5
0.5,0.5
0.5,0.5
0.5,0.5
0.5,0.5
0.5,0.5
0.5,0.5
0.5,0.5
0.5,0.5
0.5,0.5
0.5,0.5
0.5,0.5
0.5,0.5
0.5,0.5
0.5,0.5
0.5,0.5
0.5,0.5
0.5,0.5
0.5,0.5
0.5,0.5
0.5,0.5
0.5,0.5
0.5,0.5
0.5,0.5
0.5,0.5
0.5,0.5
0.5,0.5
0.5,0.5
0.5,0.5
0.5,0.5
0.5,0.5
0.5,0.5
0.5,0.5
0.5,0.5
0.5,0.5
0.5,0.5
0.5,0.5
0.5,0.5
0.5,0.5
0.5,0.5
0.5,0.5
0.5,0.5
0.5,0.5
0.5,0.5
0.5,0.5
0.5,0.5
0.5,0.5
0.5,0.5
0.5,0.5
0.5,0.5
0.5,0.5
0.5,0.5
0.5,0.5
0.5,0.5
0.5,0.5
0.5,0.5
0.5,0.5
0.5,0.5
0.5,0.5
0.5,0.5
0.5,0.5
0.5,0.5
0.5,0.5
0.5,0.5
0.5,0.5
0.5,0.5
0.5,0.5
0.5,0.5
0.5,0.5
0.5,0.5
0.5,0.5
0.5,0.5
0.5,0.5
0.5,0.5
0.5,0.5
0.5,0.5
0.5,0.5
0.5,0.5
0.5,0.5
0.5,0.5
0.5,0.5
0.5,0.5
0.5,0.5
0.5,0.5
0.5,0.5
0.5,0.5
0.5,0.5
0.5,0.5
0.5,0.5
0.5,0.5
0.5,0.5
0.5,0.5
0.5,0.5
0.5,0.5
0.5,0.5
0.5,0.5
0.5,0.5
0.5,0.5
0.5,0.5
0.5,0.5
0.5,0.5
0.5,0.5
0.5,0.5
0.5,0.5
0.5,0.5
0.5,0.5
0.5,0.5
0.5,0.5
0.5,0.5
0.5,0.5
0.5,0.5
0.5,0.5
0.5,0.5
0.5,0.5
0.5,0.5
0.5,0.5
0.5,0.5
0.5,0.5
0.5,0.5
0.5,0.5
0.5,0.5
0.5,0.5
0.5,0.5
0.5,0.5
0.5,0.5
0.5,0.5
0.5,0.5
0.5,0.5
0.5,0.5
0.5,0.5
0.5,0.5
0.5,0.5
0.5,0.5
0.5,0.5
0.5,0.5
0.5,0.5
0.5,0.5
0.5,0.5
0.5,0.5
0.5,0.5
0.5,0.5
0.5,0.5
0.5,0.5
0.5,0.5
0.5,0.5
0.5,0.5
0.5,0.5
0.5,0.5
0.5,0.5
0.5,0.5
0.5,0.5
0.5,0.5
0.5,0.5
0.5,0.5
0.5,0.5
0.5,0.5
0.5,0.5
0.5,0.5
0.5,0.5
0.5,0.5
0.5,0.5
0.5,0.5
0.5,0.5
0.5,0.5
0.5,0.5
0.5,0.5
0.5,0.5
0.5,0.5
0.5,0.5
0.5,0.5
0.5,0.5
0.5,0.5
0.5,0.5
0.5,0.5
0.5,0.5
0.5,0.5
0.5,0.5
0.5,0.5
0.5,0.5
0.5,0.5
0.5,0.5
0.5,0.5
0.5,0.5
0.5,0.5
0.5,0.5
0.5,0.5
0.5,0.5
0.5,0.5
0.5,0.5
0.5,0.5
0.5,0.5
0.5,0.5
0.5,0.5
0.5,0.5
0.5,0.5
0.5,0.5
0.5,0.5
0.5,0.5
0.5,0.5
0.5,0.5
0.5,0.5
0.5,0.5
0.5,0.5
0.5,0.5
0.5,0.5
0.5,0.5
0.5,0.5
0.5,0.5
0.5,0.5
0.5,0.5
0.5,0.5
0.5,0.5
0.5,0.5
0.5,0.5
0.5,0.5
0.5,0.5
0.5,0.5
0.5,0.5
0.5,0.5
0.5,0.5
0.5,0.5
0.5,0.5
0.5,0.5
0.5,0.5
0.5,0.5
0.5,0.5
0.5,0.5
0.5,0.5
0.5,0.5
0.5,0.5
0.5,0.5
0.5,0.5
0.5,0.5
0.5,0.5
0.5,0.5
0.5,0.5
0.5,0.5
0.5,0.5
0.5,0.5
0.5,0.5
0.5,0.5
0.5,0.5
0.5,0.5
0.5,0.5
0.5,0.5
0.5,0.5
0.5,0.5
0.5,0.5
0.5,0.5
0.5,0.5
0.5,0.5
0.5,0.5
0.5,0.5
0.5,0.5
0.5,0.5
0.5,0.5
0.5,0.5
0.5,0.5
0.5,0.5
0.5,0.5
0.5,0.5
0.5,0.5
0.5,0.5
0.5,0.5
0.5,0.5
0.5,0.5
0.5,0.5
0.5,0.5
0.5,0.5
0.5,0.5
0.5,0.5
0.5,0.5
0.5,0.5
0.5,0.5
0.5,0.5
0.5,0.5
0.5,0.5
0.5,0.5
-144.0,0.5
0.5,0.5
0.5,0.5
0.5,0.5
0.5,0.5
0.5,0.5
0.5,0.5
0.5,0.5
0.5,0.5
0.5,0.5
0.5,0.5
0.5,0.5
0.5,0.5
0.5,0.5
0.5,0.5
0.5,0.5
0.5,0.5
0.5,0.5
0.5,0.5
0.5,0.5
0.5,0.5
0.5,0.5
0.5,0.5
0.5,0.5
0.5,0.5
0.5,0.5
0.5,0.5
0.5,0.5
0.5,0.5
0.5,0.5
0.5,0.5
0.5,0.5
0.5,0.5
0.5,0.5
0.5,0.5
0.5,0.5
0.5,0.5
0.5,0.5
0.5,0.5
0.5,0.5
0.5,0.5
0.5,0.5
0.5,0.5
0.5,0.5
0.5,0.5
0.5,0.5
0.5,0.5
0.5,0.5
0.5,0.5
0.5,0.5
0.5,0.5
0.5,0.5
0.5,0.5
0.5,0.5
0.5,0.5
0.5,0.5
0.5,0.5
0.5,0.5
0.5,0.5
0.5,0.5
0.5,0.5
0.5,0.5
0.5,0.5
0.5,0.5
0.5,0.5
0.5,0.5
0.5,0.5
0.5,0.5
0.5,0.5
0.5,0.5
0.5,0.5
0.5,0.5
0.5,0.5
0.5,0.5
0.5,0.5
0.5,0.5
0.5,0.5
0.5,0.5
0.5,0.5
0.5,0.5
0.5,0.5
0.5,0.5
0.5,0.5
0.5,0.5
0.5,0.5
0.5,0.5
0.5,0.5
0.5,0.5
0.5,0.5
0.5,0.5
0.5,0.5
0.5,0.5
0.5,0.5
0.5,0.5
0.5,0.5
0.5,0.5
0.5,0.5
0.5,0.5
0.5,0.5
0.5,0.5
0.5,0.5
0.5,0.5
0.5,0.5
0.5,0.5
0.5,0.5
0.5,0.5
0.5,0.5
0.5,0.5
0.5,0.5
0.5,0.5
0.5,0.5
0.5,0.5
0.5,0.5
0.5,0.5
0.5,0.5
0.5,0.5
0.5,0.5
0.5,0.5
0.5,0.5
0.5,0.5
0.5,0.5
0.5,0.5
0.5,0.5
0.5,0.5
0.5,0.5
0.5,0.5
0.5,0.5
0.5,0.5
0.5,0.5
0.5,0.5
0.5,0.5
0.5,0.5
0.5,0.5
0.5,0.5
0.5,0.5
0.5,0.5
0.5,0.5
0.5,0.5
0.5,0.5
0.5,0.5
0.5,0.5
0.5,0.5
0.5,0.5
0.5,0.5
0.5,0.5
0.5,0.5
0.5,0.5
0.5,0.5
0.5,0.5
0.5,0.5
0.5,0.5
0.5,0.5
0.5,0.5
0.5,0.5
0.5,0.5
0.5,0.5
0.5,0.5
0.5,0.5
0.5,0.5
0.5,0.5
0.5,0.5
0.5,0.5
0.5,0.5
0.5,0.5
0.5,0.5
0.5,0.5
0.5,0.5
0.5,0.5
0.5,0.5
0.5,0.5
0.5,0.5
0.5,0.5
0.5,0.5
0.5,0.5
0.5,0.5
0.5,0.5
0.5,0.5
0.5,0.5
0.5,0.5
0.5,0.5
0.5,0.5
0.5,0.5
0.5,0.5
0.5,0.5
0.5,0.5
0.5,0.5
0.5,0.5
0.5,0.5
0.5,0.5
0.5,0.5
0.5,0.5
0.5,0.5
0.5,0.5
0.5,0.5
0.5,0.5
0.5,0.5
0.5,0.5
0.5,0.5
0.5,0.5
0.5,0.5
0.5,0.5
0.5,0.5
0.5,0.5
0.5,0.5
0.5,0.5
0.5,0.5
0.5,0.5
0.5,0.5
0.5,0.5
0.5,0.5
0.5,0.5
0.5,0.5
0.5,0.5
0.5,0.5
0.5,0.5
0.5,0.5
0.5,0.5
0.5,0.5
0.5,0.5
0.5,0.5
0.5,0.5
0.5,0.5
0.5,0.5
0.5,0.5
0.5,0.5
0.5,0.5
0.5,0.5
0.5,0.5
0.5,0.5
0.5,0.5
0.5,0.5
0.5,0.5
0.5,0.5
0.5,0.5
0.5,0.5
0.5,0.5
0.5,0.5
0.5,0.5
0.5,0.5
0.5,0.5
0.5,0.5
0.5,0.5
0.5,0.5
0.5,0.5
0.5,0.5
0.5,0.5
0.5,0.5
0.5,0.5
0.5,0.5
0.5,0.5
0.5,0.5
0.5,0.5
0.5,0.5
0.5,0.5
0.5,0.5
0.5,0.5
0.5,0.5
0.5,0.5
0.5,0.5
0.5,0.5
0.5,0.5
0.5,0.5
0.5,0.5
0.5,0.5
0.5,0.5
0.5,0.5
0.5,0.5
0.5,0.5
0.5,0.5
0.5,0.5
0.5,0.5
0.5,0.5
0.5,0.5
0.5,0.5
0.5,0.5
0.5,0.5
0.5,0.5
0.5,0.5
0.5,0.5
0.5,0.5
0.5,0.5
0.5,0.5
0.5,0.5
0.5,0.5
0.5,0.5
0.5,0.5
0.5,0.5
0.5,0.5
0.5,0.5
0.5,0.5
0.5,0.5
0.5,0.5
0.5,0.5
0.5,0.5
0.5,0.5
0.5,0.5
0.5,0.5
0.5,0.5
0.5,0.5
0.5,0.5
0.5,0.5
0.5,0.5
0.5,0.5
0.5,0.5
0.5,0.5
0.5,0.5
0.5,0.5
0.5,0.5
0.5,0.5
0.5,0.5
0.5,0.5
0.5,0.5
0.5,0.5
0.5,0.5
0.5,0.5
0.5,0.5
0.5,0.5
0.5,0.5
0.5,0.5
0.5,0.5
0.5,0.5
0.5,0.5
0.5,0.5
0.5,0.5
0.5,0.5
0.5,0.5
0.5,0.5
0.5,0.5
0.5,0.5
0.5,0.5
0.5,0.5
0.5,0.5
0.5,0.5
0.5,0.5
0.5,0.5
0.5,0.5
0.5,0.5
0.5,0.5
0.5,0.5
0.5,0.5
0.5,0.5
0.5,0.5
0.5,0.5
0.5,0.5
0.5,0.5
0.5,0.5
0.5,0.5
0.5,0.5
0.5,0.5
0.5,0.5
0.5,0.5
0.5,0.5
0.5,0.5
0.5,0.5
0.5,0.5
0.5,0.5
0.5,0.5
0.5,0.5
0.5,0.5
0.5,0.5
0.5,0.5
0.5,0.5
0.5,0.5
0.5,0.5
0.5,0.5
0.5,0.5
0.5,0.5
0.5,0.5
0.5,0.5
0.5,0.5
0.5,0.5
0.5,0.5
0.5,0.5
0.5,0.5
0.5,0.5
0.5,0.5
0.5,0.5
0.5,0.5
0.5,0.5
0.5,0.5
0.5,0.5
0.5,0.5
0.5,0.5
0.5,0.5
0.5,0.5
0.5,0.5
0.5,0.5
0.5,0.5
0.5,0.5
0.5,0.5
0.5,0.5
0.5,0.5
0.5,0.5
0.5,0.5
0.5,0.5
0.5,0.5
0.5,0.5
0.5,0.5
0.5,0.5
0.5,0.5
0.5,0.5
0.5,0.5
0.5,0.5
0.5,0.5
0.5,0.5
0.5,0.5
0.5,0.5
0.5,0.5
0.5,0.5
0.5,0.5
0.5,0.5
0.5,0.5
0.5,0.5
0.5,0.5
0.5,0.5
0.5,0.5
0.5,0.5
0.5,0.5
0.5,0.5
0.5,0.5
0.5,0.5
0.5,0.5
0.5,0.5
0.5,0.5
0.5,0.5
0.5,0.5
0.5,0.5
0.5,0.5
0.5,0.5
0.5,0.5
0.5,0.5
0.5,0.5
0.5,0.5
0.5,0.5
0.5,0.5
0.5,0.5
0.5,0.5
0.5,0.5
0.5,0.5
0.5,0.5
0.5,0.5
0.5,0.5
0.5,0.5
0.5,0.5
0.5,0.5
0.5,0.5
0.5,0.5
0.5,0.5
0.5,0.5
0.5,0.5
0.5,0.5
0.5,0.5
0.5,0.5
0.5,0.5
0.5,0.5
0.5,0.5
0.5,0.5
0.5,0.5
0.5,0.5
0.5,0.5
0.5,0.5
0.5,0.5
0.5,0.5
0.5,0.5
0.5,0.5
0.5,0.5
0.5,0.5
0.5,0.5
0.5,0.5
0.5,0.5
0.5,0.5
0.5,0.5
0.5,0.5
0.5,0.5
0.5,0.5
0.5,0.5
0.5,0.5
0.5,0.5
0.5,0.5
0.5,0.5
0.5,0.5
0.5,0.5
0.5,0.5
0.5,0.5
0.5,0.5
0.5,0.5
0.5,0.5
0.5,0.5
0.5,0.5
0.5,0.5
0.5,0.5
0.5,0.5
0.5,0.5
0.5,0.5
0.5,0.5
0.5,0.5
0.5,0.5
0.5,0.5
0.5,0.5
0.5,0.5
0.5,0.5
0.5,0.5
0.5,0.5
0.5,0.5
0.5,0.5
0.5,0.5
0.5,0.5
0.5,0.5
0.5,0.5
0.5,0.5
0.5,0.5
0.5,0.5
0.5,0.5
0.5,0.5
0.5,0.5
0.5,0.5
0.5,0.5
0.5,0.5
0.5,0.5
0.5,0.5
0.5,0.5
0.5,0.5
0.5,0.5
0.5,0.5
0.5,0.5
0.5,0.5
0.5,0.5
0.5,0.5
0.5,0.5
0.5,0.5
0.5,0.5
0.5,0.5
0.5,0.5
0.5,0.5
0.5,0.5
0.5,0.5
0.5,0.5
0.5,0.5
0.5,0.5
0.5,0.5
0.5,0.5
0.5,0.5
0.5,0.5
0.5,0.5
0.5,0.5
0.5,0.5
0.5,0.5
0.5,0.5
0.5,0.5
0.5,0.5
0.5,0.5
0.5,0.5
0.5,0.5
0.5,0.5
0.5,0.5
0.5,0.5
0.5,0.5
0.5,0.5
0.5,0.5
0.5,0.5
0.5,0.5
0.5,0.5
0.5,0.5
0.5,0.5
0.5,0.5
0.5,0.5
0.5,0.5
0.5,0.5
0.5,0.5
0.5,0.5
0.5,0.5
0.5,0.5
0.5,0.5
0.5,0.5
0.5,0.5
0.5,0.5
0.5,0.5
0.5,0.5
0.5,0.5
0.5,0.5
0.5,0.5
0.5,0.5
0.5,0.5
0.5,0.5
0.5,0.5
0.5,0.5
0.5,0.5
0.5,0.5
0.5,0.5
0.5,0.5
0.5,0.5
0.5,0.5
0.5,0.5
0.5,0.5
0.5,0.5
0.5,0.5
0.5,0.5
0.5,0.5
0.5,0.5
0.5,0.5
0.5,0.5
0.5,0.5
0.5,0.5
0.5,0.5
0.5,0.5
0.5,0.5
0.5,0.5
0.5,0.5
0.5,0.5
0.5,0.5
0.5,0.5
0.5,0.5
0.5,0.5
0.5,0.5
0.5,0.5
0.5,0.5
0.5,0.5
0.5,0.5
0.5,0.5
0.5,0.5
0.5,0.5
0.5,0.5
0.5,0.5
0.5,0.5
0.5,0.5
0.5,0.5
0.5,0.5
0.5,0.5
0.5,0.5
0.5,0.5
0.5,0.5
0.5,0.5
0.5,0.5
0.5,0.5
0.5,0.5
0.5,0.5
0.5,0.5
0.5,0.5
0.5,0.5
0.5,0.5
0.5,0.5
0.5,0.5
0.5,0.5
0.5,0.5
0.5,0.5
0.5,0.5
0.5,0.5
0.5,0.5
0.5,0.5
0.5,0.5
0.5,0.5
0.5,0.5
0.5,0.5
0.5,0.5
0.5,0.5
0.5,0.5
0.5,0.5
0.5,0.5
0.5,0.5
0.5,0.5
0.5,0.5
0.5,0.5
0.5,0.5
0.5,0.5
0.5,0.5
0.5,0.5
0.5,0.5
0.5,0.5
0.5,0.5
0.5,0.5
0.5,0.5
0.5,0.5
0.5,0.5
0.5,0.5
0.5,0.5
0.5,0.5
0.5,0.5
0.5,0.5
0.5,0.5
0.5,0.5
0.5,0.5
0.5,0.5
0.5,0.5
0.5,0.5
0.5,0.5
0.5,0.5
0.5,0.5
0.5,0.5
0.5,0.5
0.5,0.5
0.5,0.5
0.5,0.5
0.5,0.5
0.5,0.5
0.5,0.5
0.5,0.5
0.5,0.5
0.5,0.5
0.5,0.5
0.5,0.5
0.5,0.5
0.5,0.5
0.5,0.5
0.5,0.5
0.5,0.5
0.5,0.5
0.5,0.5
0.5,0.5
0.5,0.5
0.5,0.5
0.5,0.5
0.5,0.5
0.5,0.5
0.5,0.5
0.5,0.5
0.5,0.5
0.5,0.5
0.5,0.5
0.5,0.5
0.5,0.5
0.5,0.5
0.5,0.5
0.5,0.5
0.5,0.5
0.5,0.5
0.5,0.5
0.5,0.5
0.5,0.5
0.5,0.5
0.5,0.5
0.5,0.5
0.5,0.5
0.5,0.5
0.5,0.5
0.5,0.5
0.5,0.5
0.5,0.5
0.5,0.5
0.5,0.5
0.5,0.5
0.5,0.5
0.5,0.5
0.5,0.5
0.5,0.5
0.5,0.5
0.5,0.5
0.5,0.5
0.5,0.5
0.5,0.5
0.5,0.5
0.5,0.5
0.5,0.5
0.5,0.5
0.5,0.5
0.5,0.5
0.5,0.5
0.5,0.5
0.5,0.5
0.5,0.5
0.5,0.5
0.5,0.5
0.5,0.5
0.5,0.5
0.5,0.5
0.5,0.5
0.5,0.5
0.5,0.5
0.5,0.5
0.5,0.5
0.5,0.5
0.5,0.5
0.5,0.5
0.5,0.5
0.5,0.5
0.5,0.5
0.5,0.5
0.5,0.5
0.5,0.5
0.5,0.5
0.5,0.5
0.5,0.5
0.5,0.5
0.5,0.5
0.5,0.5
0.5,0.5
0.5,0.5
0.5,0.5
0.5,0.5
0.5,0.5
0.5,0.5
0.5,0.5
0.5,0.5
0.5,0.5
0.5,0.5
0.5,0.5
0.5,0.5
0.5,0.5
0.5,0.5
0.5,0.5
0.5,0.5
0.5,0.5
0.5,0.5
0.5,0.5
0.5,0.5
0.5,0.5
0.5,0.5
0.5,0.5
0.5,0.5
0.5,0.5
0.5,0.5
0.5,0.5
0.5,0.5
0.5,0.5
0.5,0.5
0.5,0.5
0.5,0.5
0.5,0.5
0.5,0.5
0.5,0.5
0.5,0.5
0.5,0.5
0.5,0.5
0.5,0.5
0.5,0.5
0.5,0.5
0.5,0.5
0.5,0.5
0.5,0.5
0.5,0.5
0.5,0.5
0.5,0.5
0.5,0.5
0.5,0.5
0.5,0.5
0.5,0.5
0.5,0.5
0.5,0.5
0.5,0.5
0.5,0.5
0.5,0.5
0.5,0.5
0.5,0.5
0.5,0.5
0.5,0.5
0.5,0.5
0.5,0.5
0.5,0.5
0.5,0.5
0.5,0.5
0.5,0.5
0.5,0.5
0.5,0.5
0.5,0.5
0.5,0.5
0.5,0.5
0.5,0.5
0.5,0.5
0.5,0.5
0.5,0.5
0.5,0.5
0.5,0.5
0.5,0.5
0.5,0.5
0.5,0.5
0.5,0.5
0.5,0.5
0.5,0.5
0.5,0.5
0.5,0.5
0.5,0.5
0.5,0.5
0.5,0.5
0.5,0.5
0.5,0.5
0.5,0.5
0.5,0.5
0.5,0.5
0.5,0.5
0.5,0.5
0.5,0.5
0.5,0.5
0.5,0.5
0.5,0.5
0.5,0.5
0.5,0.5
0.5,0.5
0.5,0.5
0.5,0.5
0.5,0.5
0.5,0.5
0.5,0.5
0.5,0.5
0.5,0.5
0.5,0.5
0.5,0.5
0.5,0.5
0.5,0.5
0.5,0.5
0.5,0.5
0.5,0.5
0.5,0.5
0.5,0.5
0.5,0.5
0.5,0.5
0.5,0.5
0.5,0.5
0.5,0.5
0.5,0.5
0.5,0.5
0.5,0.5
0.5,0.5
0.5,0.5
0.5,0.5
0.5,0.5
0.5,0.5
0.5,0.5
0.5,0.5
0.5,0.5
0.5,0.5
0.5,0.5
0.5,0.5
0.5,0.5
0.5,0.5
0.5,0.5
0.5,0.5
0.5,0.5
0.5,0.5
0.5,0.5
0.5,0.5
0.5,0.5
0.5,0.5
0.5,0.5
0.5,0.5
0.5,0.5
0.5,0.5
0.5,0.5
0.5,0.5
0.5,0.5
0.5,0.5
0.5,0.5
0.5,0.5
0.5,0.5
0.5,0.5
0.5,0.5
0.5,0.5
0.5,0.5
0.5,0.5
0.5,0.5
0.5,0.5
0.5,0.5
0.5,0.5
0.5,0.5
0.5,0.5
0.5,0.5
0.5,0.5
0.5,0.5
0.5,0.5
0.5,0.5
0.5,0.5
0.5,0.5
0.5,0.5
0.5,0.5
0.5,0.5
0.5,0.5
0.5,0.5
0.5,0.5
0.5,0.5
0.5,0.5
0.5,0.5
0.5,0.5
0.5,0.5
0.5,0.5
0.5,0.5
0.5,0.5
0.5,0.5
0.5,0.5
0.5,0.5
0.5,0.5
0.5,0.5
0.5,0.5
0.5,0.5
0.5,0.5
0.5,0.5
0.5,0.5
0.5,0.5
0.5,0.5
0.5,0.5
0.5,0.5
0.5,0.5
0.5,0.5
0.5,0.5
0.5,0.5
0.5,0.5
0.5,0.5
0.5,0.5
0.5,0.5
0.5,0.5
0.5,0.5
0.5,0.5
0.5,0.5
0.5,0.5
0.5,0.5
0.5,0.5
0.5,0.5
0.5,0.5
0.5,0.5
0.5,0.5
0.5,0.5
0.5,0.5
0.5,0.5
0.5,0.5
0.5,0.5
0.5,0.5
0.5,0.5
0.5,0.5
0.5,0.5
0.5,0.5
0.5,0.5
0.5,0.5
0.5,0.5
0.5,0.5
0.5,0.5
0.5,0.5
0.5,0.5
0.5,0.5
0.5,0.5
0.5,0.5
0.5,0.5
0.5,0.5
0.5,0.5
0.5,0.5
0.5,0.5
0.5,0.5
0.5,0.5
0.5,0.5
0.5,0.5
0.5,0.5
0.5,0.5
0.5,0.5
0.5,0.5
0.5,0.5
0.5,0.5
0.5,0.5
0.5,0.5
0.5,0.5
0.5,0.5
0.5,0.5
0.5,0.5
0.5,0.5
0.5,0.5
0.5,0.5
0.5,0.5
0.5,0.5
0.5,0.5
0.5,0.5
0.5,0.5
0.5,0.5
0.5,0.5
0.5,0.5
0.5,0.5
0.5,0.5
0.5,0.5
0.5,0.5
0.5,0.5
0.5,0.5
0.5,0.5
0.5,0.5
0.5,0.5
0.5,0.5
0.5,0.5
0.5,0.5
0.5,0.5
0.5,0.5
0.5,0.5
0.5,0.5
0.5,0.5
0.5,0.5
0.5,0.5
0.5,0.5
0.5,0.5
0.5,0.5
0.5,0.5
0.5,0.5
0.5,0.5
0.5,0.5
0.5,0.5
0.5,0.5
0.5,0.5
0.5,0.5
0.5,0.5
0.5,0.5
0.5,0.5
0.5,0.5
0.5,0.5
0.5,0.5
0.5,0.5
0.5,0.5
0.5,0.5
0.5,0.5
0.5,0.5
0.5,0.5
0.5,0.5
0.5,0.5
0.5,0.5
0.5,0.5
0.5,0.5
0.5,0.5
0.5,0.5
0.5,0.5
0.5,0.5
0.5,0.5
0.5,0.5
0.5,0.5
0.5,0.5
0.5,0.5
0.5,0.5
0.5,0.5
0.5,0.5
0.5,0.5
0.5,0.5
0.5,0.5
0.5,0.5
0.5,0.5
0.5,0.5
0.5,0.5
0.5,0.5
0.5,0.5
0.5,0.5
0.5,0.5
0.5,0.5
0.5,0.5
0.5,0.5
0.5,0.5
0.5,0.5
0.5,0.5
0.5,0.5
0.5,0.5
0.5,0.5
0.5,0.5
0.5,0.5
0.5,0.5
0.5,0.5
0.5,0.5
0.5,0.5
0.5,0.5
0.5,0.5
0.5,0.5
0.5,0.5
0.5,0.5
0.5,0.5
0.5,0.5
0.5,0.5
0.5,0.5
0.5,0.5
0.5,0.5
0.5,0.5
0.5,0.5
0.5,0.5
0.5,0.5
0.5,0.5
0.5,0.5
0.5,0.5
0.5,0.5
0.5,0.5
0.5,0.5
0.5,0.5
0.5,0.5
0.5,0.5
0.5,0.5
0.5,0.5
0.5,0.5
0.5,0.5
0.5,0.5
0.5,0.5
0.5,0.5
0.5,0.5
0.5,0.5
0.5,0.5
0.5,0.5
0.5,0.5
0.5,0.5
0.5,0.5
0.5,0.5
0.5,0.5
0.5,0.5
0.5,0.5
0.5,0.5
0.5,0.5
0.5,0.5
0.5,0.5
0.5,0.5
0.5,0.5
0.5,0.5
0.5,0.5
0.5,0.5
0.5,0.5
0.5,0.5
0.5,0.5
0.5,0.5
0.5,0.5
0.5,0.5
0.5,0.5
0.5,0.5
0.5,0.5
0.5,0.5
0.5,0.5
0.5,0.5
0.5,0.5
0.5,0.5
0.5,0.5
0.5,0.5
0.5,0.5
0.5,0.5
0.5,0.5
0.5,0.5
0.5,0.5
0.5,0.5
0.5,0.5
0.5,0.5
0.5,0.5
0.5,0.5
0.5,0.5
0.5,0.5
0.5,0.5
0.5,0.5
0.5,0.5
0.5,0.5
0.5,0.5
0.5,0.5
0.5,0.5
0.5,0.5
0.5,0.5
0.5,0.5
0.5,0.5
0.5,0.5
0.5,0.5
0.5,0.5
0.5,0.5
0.5,0.5
0.5,0.5
0.5,0.5
0.5,0.5
0.5,0.5
0.5,0.5
0.5,0.5
0.5,0.5
0.5,0.5
0.5,0.5
0.5,0.5
0.5,0.5
0.5,0.5
0.5,0.5
0.5,0.5
0.5,0.5
0.5,0.5
0.5,0.5
0.5,0.5
0.5,0.5
0.5,0.5
0.5,0.5
0.5,0.5
0.5,0.5
0.5,0.5
0.5,0.5
0.5,0.5
0.5,0.5
0.5,0.5
0.5,0.5
0.5,0.5
0.5,0.5
0.5,0.5
0.5,0.5
0.5,0.5
0.5,0.5
0.5,0.5
0.5,0.5
0.5,0.5
0.5,0.5
0.5,0.5
0.5,0.5
0.5,0.5
0.5,0.5
0.5,0.5
0.5,0.5
0.5,0.5
0.5,0.5
0.5,0.5
0.5,0.5
0.5,0.5
0.5,0.5
0.5,0.5
0.5,0.5
0.5,0.5
0.5,0.5
0.5,0.5
0.5,0.5
0.5,0.5
0.5,0.5
0.5,0.5
0.5,0.5
0.5,0.5
0.5,0.5
0.5,0.5
0.5,0.5
0.5,0.5
0.5,0.5
0.5,0.5
0.5,0.5
0.5,0.5
0.5,0.5
0.5,0.5
0.5,0.5
0.5,0.5
0.5,0.5
0.5,0.5
0.5,0.5
0.5,0.5
0.5,0.5
0.5,0.5
0.5,0.5
0.5,0.5
0.5,0.5
0.5,0.5
0.5,0.5
0.5,0.5
0.5,0.5
0.5,0.5
0.5,0.5
0.5,0.5
0.5,0.5
0.5,0.5
0.5,0.5
0.5,0.5
0.5,0.5
0.5,0.5
0.5,0.5
0.5,0.5
0.5,0.5
0.5,0.5
0.5,0.5
0.5,0.5
0.5,0.5
0.5,0.5
0.5,0.5
0.5,0.5
0.5,0.5
0.5,0.5
0.5,0.5
0.5,0.5
0.5,0.5
0.5,0.5
0.5,0.5
0.5,0.5
0.5,0.5
0.5,0.5
0.5,0.5
0.5,0.5
0.5,0.5
0.5,0.5
0.5,0.5
0.5,0.5
0.5,0.5
0.5,0.5
0.5,0.5
0.5,0.5
0.5,0.5
0.5,0.5
0.5,0.5
0.5,0.5
0.5,0.5
0.5,0.5
0.5,0.5
0.5,0.5
0.5,0.5
0.5,0.5
0.5,0.5
0.5,0.5
0.5,0.5
0.5,0.5
0.5,0.5
0.5,0.5
0.5,0.5
0.5,0.5
0.5,0.5
0.5,0.5
0.5,0.5
0.5,0.5
0.5,0.5
0.5,0.5
0.5,0.5
0.5,0.5
0.5,0.5
0.5,0.5
0.5,0.5
0.5,0.5
0.5,0.5
0.5,0.5
0.5,0.5
0.5,0.5
0.5,0.5
0.5,0.5
0.5,0.5
0.5,0.5
0.5,0.5
0.5,0.5
0.5,0.5
0.5,0.5
0.5,0.5
0.5,0.5
0.5,0.5
0.5,0.5
0.5,0.5
0.5,0.5
0.5,0.5
0.5,0.5
0.5,0.5
0.5,0.5
0.5,0.5
0.5,0.5
0.5,0.5
0.5,0.5
0.5,0.5
0.5,0.5
0.5,0.5
0.5,0.5
0.5,0.5
0.5,0.5
0.5,0.5
0.5,0.5
0.5,0.5
0.5,0.5
0.5,0.5
0.5,0.5
0.5,0.5
0.5,0.5
0.5,0.5
0.5,0.5
0.5,0.5
0.5,0.5
0.5,0.5
0.5,0.5
0.5,0.5
0.5,0.5
0.5,0.5
0.5,0.5
0.5,0.5
0.5,0.5
0.5,0.5
0.5,0.5
0.5,0.5
0.5,0.5
0.5,0.5
0.5,0.5
0.5,0.5
0.5,0.5
0.5,0.5
0.5,0.5
0.5,0.5
0.5,0.5
0.5,0.5
0.5,0.5
0.5,0.5
0.5,0.5
0.5,0.5
0.5,0.5
0.5,0.5
0.5,0.5
0.5,0.5
0.5,0.5
0.5,0.5
0.5,0.5
0.5,0.5
0.5,0.5
0.5,0.5
0.5,0.5
0.5,0.5
0.5,0.5
0.5,0.5
0.5,0.5
0.5,0.5
0.5,0.5
0.5,0.5
0.5,0.5
0.5,0.5
0.5,0.5
0.5,0.5
0.5,0.5
0.5,0.5
0.5,0.5
0.5,0.5
0.5,0.5
0.5,0.5
0.5,0.5
0.5,0.5
0.5,0.5
0.5,0.5
0.5,0.5
0.5,0.5
0.5,0.5
0.5,0.5
0.5,0.5
0.5,0.5
0.5,0.5
0.5,0.5
0.5,0.5
0.5,0.5
0.5,0.5
0.5,0.5
0.5,0.5
0.5,0.5
0.5,0.5
0.5,0.5
0.5,0.5
0.5,0.5
0.5,0.5
0.5,0.5
0.5,0.5
0.5,0.5
0.5,0.5
0.5,0.5
0.5,0.5
0.5,0.5
0.5,0.5
0.5,0.5
0.5,0.5
0.5,0.5
0.5,0.5
0.5,0.5
0.5,0.5
0.5,0.5
0.5,0.5
0.5,0.5
0.5,0.5
0.5,0.5
0.5,0.5
0.5,0.5
0.5,0.5
0.5,0.5
0.5,0.5
0.5,0.5
0.5,0.5
0.5,0.5
0.5,0.5
0.5,0.5
0.5,0.5
0.5,0.5
0.5,0.5
0.5,0.5
0.5,0.5
0.5,0.5
0.5,0.5
0.5,0.5
0.5,0.5
0.5,0.5
0.5,0.5
0.5,0.5
0.5,0.5
0.5,0.5
0.5,0.5
0.5,0.5
0.5,0.5
0.5,0.5
0.5,0.5
0.5,0.5
0.5,0.5
0.5,0.5
0.5,0.5
0.5,0.5
0.5,0.5
0.5,0.5
0.5,0.5
0.5,0.5
0.5,0.5
0.5,0.5
0.5,0.5
0.5,0.5
0.5,0.5
0.5,0.5
0.5,0.5
0.5,0.5
0.5,0.5
0.5,0.5
0.5,0.5
0.5,0.5
0.5,0.5
0.5,0.5
0.5,0.5
0.5,0.5
0.5,0.5
0.5,0.5
0.5,0.5
0.5,0.5
0.5,0.5
0.5,0.5
0.5,0.5
0.5,0.5
0.5,0.5
0.5,0.5
0.5,0.5
0.5,0.5
0.5,0.5
0.5,0.5
0.5,0.5
0.5,0.5
0.5,0.5
0.5,0.5
0.5,0.5
0.5,0.5
0.5,0.5
0.5,0.5
0.5,0.5
0.5,0.5
0.5,0.5
0.5,0.5
0.5,0.5
0.5,0.5
0.5,0.5
0.5,0.5
0.5,0.5
0.5,0.5
0.5,0.5
0.5,0.5
0.5,0.5
0.5,0.5
0.5,0.5
0.5,0.5
0.5,0.5
0.5,0.5
0.5,0.5
0.5,0.5
0.5,0.5
0.5,0.5
0.5,0.5
0.5,0.5
0.5,0.5
0.5,0.5
0.5,0.5
0.5,0.5
0.5,0.5
0.5,0.5
0.5,0.5
0.5,0.5
0.5,0.5
0.5,0.5
0.5,0.5
0.5,0.5
0.5,0.5
0.5,0.5
0.5,0.5
0.5,0.5
0.5,0.5
0.5,0.5
0.5,0.5
0.5,0.5
0.5,0.5
0.5,0.5
0.5,0.5
0.5,0.5
0.5,0.5
0.5,0.5
0.5,0.5
0.5,0.5
0.5,0.5
0.5,0.5
0.5,0.5
0.5,0.5
0.5,0.5
0.5,0.5
0.5,0.5
0.5,0.5
0.5,0.5
0.5,0.5
0.5,0.5
0.5,0.5
0.5,0.5
0.5,0.5
0.5,0.5
0.5,0.5
0.5,0.5
0.5,0.5
0.5,0.5
0.5,0.5
0.5,0.5
0.5,0.5
0.5,0.5
0.5,0.5
0.5,0.5
0.5,0.5
0.5,0.5
0.5,0.5
0.5,0.5
0.5,0.5
0.5,0.5
0.5,0.5
0.5,0.5
0.5,0.5
0.5,0.5
0.5,0.5
0.5,0.5
0.5,0.5
0.5,0.5
0.5,0.5
0.5,0.5
0.5,0.5
0.5,0.5
0.5,0.5
0.5,0.5
0.5,0.5
0.5,0.5
0.5,0.5
0.5,0.5
0.5,0.5
0.5,0.5
0.5,0.5
0.5,0.5
0.5,0.5
0.5,0.5
0.5,0.5
0.5,0.5
0.5,0.5
0.5,0.5
0.5,0.5
0.5,0.5
0.5,0.5
0.5,0.5
0.5,0.5
0.5,0.5
0.5,0.5
0.5,0.5
0.5,0.5
0.5,0.5
0.5,0.5
0.5,0.5
0.5,0.5
0.5,0.5
0.5,0.5
0.5,0.5
0.5,0.5
0.5,0.5
0.5,0.5
0.5,0.5
0.5,0.5
0.5,0.5
0.5,0.5
0.5,0.5
0.5,0.5
0.5,0.5
0.5,0.5
0.5,0.5
0.5,0.5
0.5,0.5
0.5,0.5
0.5,0.5
0.5,0.5
0.5,0.5
0.5,0.5
0.5,0.5
0.5,0.5
0.5,0.5
0.5,0.5
0.5,0.5
0.5,0.5
0.5,0.5
0.5,0.5
0.5,0.5
0.5,0.5
0.5,0.5
0.5,0.5
0.5,0.5
0.5,0.5
0.5,0.5
0.5,0.5
0.5,0.5
0.5,0.5
0.5,0.5
0.5,0.5
0.5,0.5
0.5,0.5
0.5,0.5
0.5,0.5
0.5,0.5
0.5,0.5
0.5,0.5
0.5,0.5
0.5,0.5
0.5,0.5
0.5,0.5
0.5,0.5
0.5,0.5
0.5,0.5
0.5,0.5
0.5,0.5
0.5,0.5
0.5,0.5
0.5,0.5
0.5,0.5
0.5,0.5
0.5,0.5
0.5,0.5
0.5,0.5
0.5,0.5
0.5,0.5
0.5,0.5
0.5,0.5
0.5,0.5
0.5,0.5
0.5,0.5
0.5,0.5
0.5,0.5
0.5,0.5
0.5,0.5
0.5,0.5
0.5,0.5
0.5,0.5
0.5,0.5
0.5,0.5
0.5,0.5
0.5,0.5
0.5,0.5
0.5,0.5
0.5,0.5
0.5,0.5
0.5,0.5
0.5,0.5
0.5,0.5
0.5,0.5
0.5,0.5
0.5,0.5
0.5,0.5
0.5,0.5
0.5,0.5
0.5,0.5
0.5,0.5
0.5,0.5
0.5,0.5
0.5,0.5
0.5,0.5
0.5,0.5
0.5,0.5
0.5,0.5
0.5,0.5
0.5,0.5
0.5,0.5
0.5,0.5
0.5,0.5
0.5,0.5
0.5,0.5
0.5,0.5
0.5,0.5
0.5,0.5
0.5,0.5
0.5,0.5
0.5,0.5
0.5,0.5
0.5,0.5
0.5,0.5
0.5,0.5
0.5,0.5
0.5,0.5
0.5,0.5
0.5,0.5
0.5,0.5
0.5,0.5
0.5,0.5
0.5,0.5
0.5,0.5
0.5,0.5
0.5,0.5
0.5,0.5
0.5,0.5
0.5,0.5
0.5,0.5
0.5,0.5
0.5,0.5
0.5,0.5
0.5,0.5
0.5,0.5
0.5,0.5
0.5,0.5
0.5,0.5
0.5,0.5
0.5,0.5
0.5,0.5
0.5,0.5
0.5,0.5
0.5,0.5
0.5,0.5
0.5,0.5
0.5,0.5
0.5,0.5
0.5,0.5
0.5,0.5
0.5,0.5
0.5,0.5
0.5,0.5
0.5,0.5
0.5,0.5
0.5,0.5
0.5,0.5
0.5,0.5
0.5,0.5
0.5,0.5
0.5,0.5
0.5,0.5
0.5,0.5
0.5,0.5
0.5,0.5
0.5,0.5
0.5,0.5
0.5,0.5
0.5,0.5
0.5,0.5
0.5,0.5
0.5,0.5
0.5,0.5
0.5,0.5
0.5,0.5
0.5,0.5
0.5,0.5
0.5,0.5
0.5,0.5
0.5,0.5
0.5,0.5
0.5,0.5
0.5,0.5
0.5,0.5
0.5,0.5
0.5,0.5
0.5,0.5
0.5,0.5
0.5,0.5
0.5,0.5
0.5,0.5
0.5,0.5
0.5,0.5
0.5,0.5
0.5,0.5
0.5,0.5
0.5,0.5
0.5,0.5
0.5,0.5
0.5,0.5
0.5,0.5
0.5,0.5
0.5,0.5
0.5,0.5
0.5,0.5
0.5,0.5
0.5,0.5
0.5,0.5
0.5,0.5
0.5,0.5
0.5,0.5
0.5,0.5
0.5,0.5
0.5,0.5
0.5,0.5
0.5,0.5
0.5,0.5
0.5,0.5
0.5,0.5
0.5,0.5
0.5,0.5
0.5,0.5
0.5,0.5
0.5,0.5
0.5,0.5
0.5,0.5
0.5,0.5
0.5,0.5
0.5,0.5
0.5,0.5
0.5,0.5
0.5,0.5
0.5,0.5
0.5,0.5
0.5,0.5
0.5,0.5
0.5,0.5
0.5,0.5
0.5,0.5
0.5,0.5
0.5,0.5
0.5,0.5
0.5,0.5
0.5,0.5
0.5,0.5
0.5,0.5
0.5,0.5
0.5,0.5
0.5,0.5
0.5,0.5
0.5,0.5
0.5,0.5
0.5,0.5
0.5,0.5
0.5,0.5
0.5,0.5
0.5,0.5
0.5,0.5
0.5,0.5
0.5,0.5
0.5,0.5
0.5,0.5
0.5,0.5
0.5,0.5
0.5,0.5
0.5,0.5
0.5,0.5
0.5,0.5
0.5,0.5
0.5,0.5
0.5,0.5
0.5,0.5
0.5,0.5
0.5,0.5
0.5,0.5
0.5,0.5
0.5,0.5
0.5,0.5
0.5,0.5
0.5,0.5
0.5,0.5
0.5,0.5
0.5,0.5
0.5,0.5
0.5,0.5
0.5,0.5
0.5,0.5
0.5,0.5
0.5,0.5
0.5,0.5
0.5,0.5
0.5,0.5
0.5,0.5
0.5,0.5
0.5,0.5
0.5,0.5
0.5,0.5
0.5,0.5
0.5,0.5
0.5,0.5
0.5,0.5
0.5,0.5
0.5,0.5
0.5,0.5
0.5,0.5
0.5,0.5
0.5,0.5
0.5,0.5
0.5,0.5
0.5,0.5
0.5,0.5
0.5,0.5
0.5,0.5
0.5,0.5
0.5,0.5
0.5,0.5
0.5,0.5
0.5,0.5
0.5,0.5
0.5,0.5
0.5,0.5
0.5,0.5
0.5,0.5
0.5,0.5
0.5,0.5
0.5,0.5
0.5,0.5
0.5,0.5
0.5,0.5
0.5,0.5
0.5,0.5
0.5,0.5
0.5,0.5
0.5,0.5
0.5,0.5
0.5,0.5
0.5,0.5
0.5,0.5
0.5,0.5
0.5,0.5
0.5,0.5
0.5,0.5
0.5,0.5
0.5,0.5
0.5,0.5
0.5,0.5
0.5,0.5
0.5,0.5
0.5,0.5
0.5,0.5
0.5,0.5
0.5,0.5
0.5,0.5
0.5,0.5
0.5,0.5
0.5,0.5
0.5,0.5
0.5,0.5
0.5,0.5
0.5,0.5
0.5,0.5
0.5,0.5
0.5,0.5
0.5,0.5
0.5,0.5
0.5,0.5
0.5,0.5
0.5,0.5
0.5,0.5
0.5,0.5
0.5,0.5
0.5,0.5
0.5,0.5
0.5,0.5
0.5,0.5
0.5,0.5
0.5,0.5
0.5,0.5
0.5,0.5
0.5,0.5
0.5,0.5
0.5,0.5
0.5,0.5
0.5,0.5
0.5,0.5
0.5,0.5
0.5,0.5
0.5,0.5
0.5,0.5
0.5,0.5
0.5,0.5
0.5,0.5
0.5,0.5
0.5,0.5
0.5,0.5
0.5,0.5
0.5,0.5
0.5,0.5
0.5,0.5
0.5,0.5
0.5,0.5
0.5,0.5
0.5,0.5
0.5,0.5
0.5,0.5
0.5,0.5
0.5,0.5
0.5,0.5
0.5,0.5
0.5,0.5
0.5,0.5
0.5,0.5
0.5,0.5
0.5,0.5
0.5,0.5
0.5,0.5
0.5,0.5
0.5,0.5
0.5,0.5
0.5,0.5
0.5,0.5
0.5,0.5
0.5,0.5
0.5,0.5
0.5,0.5
0.5,0.5
0.5,0.5
0.5,0.5
0.5,0.5
0.5,0.5
0.5,0.5
0.5,0.5
0.5,0.5
0.5,0.5
0.5,0.5
0.5,0.5
0.5,0.5
0.5,0.5
0.5,0.5
0.5,0.5
0.5,0.5
0.5,0.5
0.5,0.5
0.5,0.5
0.5,0.5
0.5,0.5
0.5,0.5
0.5,0.5
0.5,0.5
0.5,0.5
0.5,0.5
0.5,0.5
0.5,0.5
0.5,0.5
0.5,0.5
0.5,0.5
0.5,0.5
0.5,0.5
0.5,0.5
0.5,0.5
0.5,0.5
0.5,0.5
0.5,0.5
0.5,0.5
0.5,0.5
0.5,0.5
0.5,0.5
0.5,0.5
0.5,0.5
0.5,0.5
0.5,0.5
0.5,0.5
0.5,0.5
0.5,0.5
0.5,0.5
0.5,0.5
0.5,0.5
0.5,0.5
0.5,0.5
0.5,0.5
0.5,0.5
0.5,0.5
0.5,0.5
0.5,0.5
0.5,0.5
0.5,0.5
0.5,0.5
0.5,0.5
0.5,0.5
0.5,0.5
0.5,0.5
0.5,0.5
0.5,0.5
0.5,0.5
0.5,0.5
0.5,0.5
0.5,0.5
0.5,0.5
0.5,0.5
0.5,0.5
0.5,0.5
0.5,0.5
0.5,0.5
0.5,0.5
0.5,0.5
0.5,0.5
0.5,0.5
0.5,0.5
0.5,0.5
0.5,0.5
0.5,0.5
0.5,0.5
0.5,0.5
0.5,0.5
0.5,0.5
0.5,0.5
0.5,0.5
0.5,0.5
0.5,0.5
0.5,0.5
0.5,0.5
0.5,0.5
0.5,0.5
0.5,0.5
0.5,0.5
0.5,0.5
0.5,0.5
0.5,0.5
0.5,0.5
0.5,0.5
0.5,0.5
0.5,0.5
0.5,0.5
0.5,0.5
0.5,0.5
0.5,0.5
0.5,0.5
0.5,0.5
0.5,0.5
0.5,0.5
0.5,0.5
0.5,0.5
0.5,0.5
0.5,0.5
0.5,0.5
0.5,0.5
0.5,0.5
0.5,0.5
0.5,0.5
0.5,0.5
0.5,0.5
0.5,0.5
0.5,0.5
0.5,0.5
0.5,0.5
0.5,0.5
0.5,0.5
0.5,0.5
0.5,0.5
0.5,0.5
0.5,0.5
0.5,0.5
0.5,0.5
0.5,0.5
0.5,0.5
0.5,0.5
0.5,0.5
0.5,0.5
0.5,0.5
0.5,0.5
0.5,0.5
0.5,0.5
0.5,0.5
0.5,0.5
0.5,0.5
0.5,0.5
0.5,0.5
0.5,0.5
0.5,0.5
0.5,0.5
0.5,0.5
0.5,0.5
0.5,0.5
0.5,0.5
0.5,0.5
0.5,0.5
0.5,0.5
0.5,0.5
0.5,0.5
0.5,0.5
0.5,0.5
0.5,0.5
0.5,0.5
0.5,0.5
0.5,0.5
0.5,0.5
0.5,0.5
0.5,0.5
0.5,0.5
0.5,0.5
0.5,0.5
0.5,0.5
0.5,0.5
0.5,0.5
0.5,0.5
0.5,0.5
0.5,0.5
0.5,0.5
0.5,0.5
0.5,0.5
0.5,0.5
0.5,0.5
0.5,0.5
0.5,0.5
0.5,0.5
0.5,0.5
0.5,0.5
0.5,0.5
0.5,0.5
0.5,0.5
0.5,0.5
0.5,0.5
0.5,0.5
0.5,0.5
0.5,0.5
0.5,0.5
0.5,0.5
0.5,0.5
0.5,0.5
0.5,0.5
0.5,0.5
0.5,0.5
0.5,0.5
0.5,0.5
0.5,0.5
0.5,0.5
0.5,0.5
0.5,0.5
0.5,0.5
0.5,0.5
0.5,0.5
0.5,0.5
0.5,0.5
0.5,0.5
0.5,0.5
0.5,0.5
0.5,0.5
0.5,0.5
0.5,0.5
0.5,0.5
0.5,0.5
0.5,0.5
0.5,0.5
0.5,0.5
0.5,0.5
0.5,0.5
0.5,0.5
0.5,0.5
0.5,0.5
0.5,0.5
0.5,0.5
0.5,0.5
0.5,0.5
0.5,0.5
0.5,0.5
0.5,0.5
0.5,0.5
0.5,0.5
0.5,0.5
0.5,0.5
0.5,0.5
0.5,0.5
0.5,0.5
0.5,0.5
0.5,0.5
0.5,0.5
0.5,0.5
0.5,0.5
0.5,0.5
0.5,0.5
0.5,0.5
0.5,0.5
0.5,0.5
0.5,0.5
0.5,0.5
0.5,0.5
0.5,0.5
0.5,0.5
0.5,0.5
0.5,0.5
0.5,0.5
0.5,0.5
0.5,0.5
0.5,0.5
0.5,0.5
0.5,0.5
0.5,0.5
0.5,0.5
0.5,0.5
0.5,0.5
0.5,0.5
0.5,0.5
0.5,0.5
0.5,0.5
0.5,0.5
0.5,0.5
0.5,0.5
0.5,0.5
0.5,0.5
0.5,0.5
0.5,0.5
0.5,0.5
0.5,0.5
0.5,0.5
0.5,0.5
0.5,0.5
0.5,0.5
0.5,0.5
0.5,0.5
0.5,0.5
0.5,0.5
0.5,0.5
0.5,0.5
0.5,0.5
0.5,0.5
0.5,0.5
0.5,0.5
0.5,0.5
0.5,0.5
0.5,0.5
0.5,0.5
0.5,0.5
0.5,0.5
0.5,0.5
0.5,0.5
0.5,0.5
0.5,0.5
0.5,0.5
0.5,0.5
0.5,0.5
0.5,0.5
0.5,0.5
0.5,0.5
0.5,0.5
0.5,0.5
0.5,0.5
0.5,0.5
0.5,0.5
0.5,0.5
0.5,0.5
0.5,0.5
0.5,0.5
0.5,0.5
0.5,0.5
0.5,0.5
0.5,0.5
0.5,0.5
0.5,0.5
0.5,0.5
0.5,0.5
0.5,0.5
0.5,0.5
0.5,0.5
0.5,0.5
0.5,0.5
0.5,0.5
0.5,0.5
0.5,0.5
0.5,0.5
0.5,0.5
0.5,0.5
0.5,0.5
0.5,0.5
0.5,0.5
0.5,0.5
0.5,0.5
0.5,0.5
0.5,0.5
0.5,0.5
0.5,0.5
0.5,0.5
0.5,0.5
0.5,0.5
0.5,0.5
0.5,0.5
0.5,0.5
0.5,0.5
0.5,0.5
0.5,0.5
0.5,0.5
0.5,0.5
0.5,0.5
0.5,0.5
0.5,0.5
0.5,0.5
0.5,0.5
0.5,0.5
0.5,0.5
0.5,0.5
0.5,0.5
0.5,0.5
0.5,0.5
0.5,0.5
0.5,0.5
0.5,0.5
0.5,0.5
0.5,0.5
0.5,0.5
0.5,0.5
0.5,0.5
0.5,0.5
0.5,0.5
0.5,0.5
0.5,0.5
0.5,0.5
0.5,0.5
0.5,0.5
0.5,0.5
0.5,0.5
0.5,0.5
0.5,0.5
0.5,0.5
0.5,0.5
0.5,0.5
0.5,0.5
0.5,0.5
0.5,0.5
0.5,0.5
0.5,0.5
0.5,0.5
0.5,0.5
0.5,0.5
0.5,0.5
0.5,0.5
0.5,0.5
0.5,0.5
0.5,0.5
0.5,0.5
0.5,0.5
0.5,0.5
0.5,0.5
0.5,0.5
0.5,0.5
0.5,0.5
0.5,0.5
0.5,0.5
0.5,0.5
0.5,0.5
0.5,0.5
0.5,0.5
0.5,0.5
0.5,0.5
0.5,0.5
0.5,0.5
0.5,0.5
0.5,0.5
0.5,0.5
0.5,0.5
0.5,0.5
0.5,0.5
0.5,0.5
0.5,0.5
0.5,0.5
0.5,0.5
0.5,0.5
0.5,0.5
0.5,0.5
0.5,0.5
0.5,0.5
0.5,0.5
0.5,0.5
0.5,0.5
0.5,0.5
0.5,0.5
0.5,0.5
0.5,0.5
0.5,0.5
0.5,0.5
0.5,0.5
0.5,0.5
0.5,0.5
0.5,0.5
0.5,0.5
0.5,0.5
0.5,0.5
0.5,0.5
0.5,0.5
0.5,0.5
0.5,0.5
0.5,0.5
0.5,0.5
0.5,0.5
0.5,0.5
0.5,0.5
0.5,0.5
0.5,0.5
0.5,0.5
0.5,0.5
0.5,0.5
0.5,0.5
0.5,0.5
0.5,0.5
0.5,0.5
0.5,0.5
0.5,0.5
0.5,0.5
0.5,0.5
0.5,0.5
0.5,0.5
0.5,0.5
0.5,0.5
0.5,0.5
0.5,0.5
0.5,0.5
0.5,0.5
0.5,0.5
0.5,0.5
0.5,0.5
0.5,0.5
0.5,0.5
0.5,0.5
0.5,0.5
0.5,0.5
0.5,0.5
0.5,0.5
0.5,0.5
0.5,0.5
0.5,0.5
0.5,0.5
0.5,0.5
0.5,0.5
0.5,0.5
0.5,0.5
0.5,0.5
0.5,0.5
0.5,0.5
0.5,0.5
0.5,0.5
0.5,0.5
0.5,0.5
0.5,0.5
0.5,0.5
0.5,0.5
0.5,0.5
0.5,0.5
0.5,0.5
0.5,0.5
0.5,0.5
0.5,0.5
0.5,0.5
0.5,0.5
0.5,0.5
0.5,0.5
0.5,0.5
0.5,0.5
0.5,0.5
0.5,0.5
0.5,0.5
0.5,0.5
0.5,0.5
0.5,0.5
0.5,0.5
0.5,0.5
0.5,0.5
0.5,0.5
0.5,0.5
0.5,0.5
0.5,0.5
0.5,0.5
0.5,0.5
0.5,0.5
0.5,0.5
0.5,0.5
0.5,0.5
0.5,0.5
0.5,0.5
0.5,0.5
0.5,0.5
0.5,0.5
0.5,0.5
0.5,0.5
0.5,0.5
0.5,0.5
0.5,0.5
0.5,0.5
0.5,0.5
0.5,0.5
0.5,0.5
0.5,0.5
0.5,0.5
0.5,0.5
0.5,0.5
0.5,0.5
0.5,0.5
0.5,0.5
0.5,0.5
0.5,0.5
0.5,0.5
0.5,0.5
0.5,0.5
0.5,0.5
0.5,0.5
0.5,0.5
0.5,0.5
0.5,0.5
0.5,0.5
0.5,0.5
0.5,0.5
0.5,0.5
0.5,0.5
0.5,0.5
0.5,0.5
0.5,0.5
0.5,0.5
0.5,0.5
0.5,0.5
0.5,0.5
0.5,0.5
0.5,0.5
0.5,0.5
0.5,0.5
0.5,0.5
0.5,0.5
0.5,0.5
0.5,0.5
0.5,0.5
0.5,0.5
0.5,0.5
0.5,0.5
0.5,0.5
0.5,0.5
0.5,0.5
0.5,0.5
0.5,0.5
0.5,0.5
0.5,0.5
0.5,0.5
0.5,0.5
0.5,0.5
0.5,0.5
0.5,0.5
0.5,0.5
0.5,0.5
0.5,0.5
0.5,0.5
0.5,0.5
0.5,0.5
0.5,0.5
0.5,0.5
0.5,0.5
0.5,0.5
0.5,0.5
0.5,0.5
0.5,0.5
0.5,0.5
0.5,0.5
0.5,0.5
0.5,0.5
0.5,0.5
0.5,0.5
0.5,0.5
0.5,0.5
0.5,0.5
0.5,0.5
0.5,0.5
0.5,0.5
0.5,0.5
0.5,0.5
0.5,0.5
0.5,0.5
0.5,0.5
0.5,0.5
0.5,0.5
0.5,0.5
0.5,0.5
0.5,0.5
0.5,0.5
0.5,0.5
0.5,0.5
0.5,0.5
0.5,0.5
0.5,0.5
0.5,0.5
0.5,0.5
0.5,0.5
0.5,0.5
0.5,0.5
0.5,0.5
0.5,0.5
0.5,0.5
0.5,0.5
0.5,0.5
0.5,0.5
0.5,0.5
0.5,0.5
0.5,0.5
0.5,0.5
0.5,0.5
0.5,0.5
0.5,0.5
0.5,0.5
0.5,0.5
0.5,0.5
0.5,0.5
0.5,0.5
0.5,0.5
0.5,0.5
0.5,0.5
0.5,0.5
0.5,0.5
0.5,0.5
0.5,0.5
0.5,0.5
0.5,0.5
0.5,0.5
0.5,0.5
0.5,0.5
0.5,0.5
0.5,0.5
0.5,0.5
0.5,0.5
0.5,0.5
0.5,0.5
0.5,0.5
0.5,0.5
0.5,0.5
0.5,0.5
0.5,0.5
0.5,0.5
0.5,0.5
0.5,0.5
0.5,0.5
0.5,0.5
0.5,0.5
0.5,0.5
0.5,0.5
0.5,0.5
0.5,0.5
0.5,0.5
0.5,0.5
0.5,0.5
0.5,0.5
0.5,0.5
0.5,0.5
0.5,0.5
0.5,0.5
0.5,0.5
0.5,0.5
0.5,0.5
0.5,0.5
0.5,0.5
0.5,0.5
0.5,0.5
0.5,0.5
0.5,0.5
0.5,0.5
0.5,0.5
0.5,0.5
0.5,0.5
0.5,0.5
0.5,0.5
0.5,0.5
0.5,0.5
0.5,0.5
0.5,0.5
0.5,0.5
0.5,0.5
0.5,0.5
0.5,0.5
0.5,0.5
0.5,0.5
0.5,0.5
0.5,0.5
0.5,0.5
0.5,0.5
0.5,0.5
0.5,0.5
0.5,0.5
0.5,0.5
0.5,0.5
0.5,0.5
0.5,0.5
0.5,0.5
0.5,0.5
0.5,0.5
0.5,0.5
0.5,0.5
0.5,0.5
0.5,0.5
0.5,0.5
0.5,0.5
0.5,0.5
0.5,0.5
0.5,0.5
0.5,0.5
0.5,0.5
0.5,0.5
0.5,0.5
0.5,0.5
0.5,0.5
0.5,0.5
0.5,0.5
0.5,0.5
0.5,0.5
0.5,0.5
0.5,0.5
0.5,0.5
0.5,0.5
0.5,0.5
0.5,0.5
0.5,0.5
0.5,0.5
0.5,0.5
0.5,0.5
0.5,0.5
0.5,0.5
0.5,0.5
0.5,0.5
0.5,0.5
0.5,0.5
0.5,0.5
0.5,0.5
0.5,0.5
0.5,0.5
0.5,0.5
0.5,0.5
0.5,0.5
0.5,0.5
0.5,0.5
0.5,0.5
0.5,0.5
0.5,0.5
0.5,0.5
0.5,0.5
0.5,0.5
0.5,0.5
0.5,0.5
0.5,0.5
0.5,0.5
0.5,0.5
0.5,0.5
0.5,0.5
0.5,0.5
0.5,0.5
0.5,0.5
0.5,0.5
0.5,0.5
0.5,0.5
0.5,0.5
0.5,0.5
0.5,0.5
0.5,0.5
0.5,0.5
0.5,0.5
0.5,0.5
0.5,0.5
0.5,0.5
0.5,0.5
0.5,0.5
0.5,0.5
0.5,0.5
0.5,0.5
0.5,0.5
0.5,0.5
0.5,0.5
0.5,0.5
0.5,0.5
0.5,0.5
0.5,0.5
0.5,0.5
0.5,0.5
0.5,0.5
0.5,0.5
0.5,0.5
0.5,0.5
0.5,0.5
0.5,0.5
0.5,0.5
0.5,0.5
0.5,0.5
0.5,0.5
0.5,0.5
0.5,0.5
0.5,0.5
0.5,0.5
0.5,0.5
0.5,0.5
0.5,0.5
0.5,0.5
0.5,0.5
0.5,0.5
0.5,0.5
0.5,0.5
0.5,0.5
0.5,0.5
0.5,0.5
0.5,0.5
0.5,0.5
0.5,0.5
0.5,0.5
0.5,0.5
0.5,0.5
0.5,0.5
0.5,0.5
0.5,0.5
0.5,0.5
0.5,0.5
0.5,0.5
0.5,0.5
0.5,0.5
0.5,0.5
0.5,0.5
0.5,0.5
0.5,0.5
0.5,0.5
0.5,0.5
0.5,0.5
0.5,0.5
0.5,0.5
0.5,0.5
0.5,0.5
0.5,0.5
0.5,0.5
0.5,0.5
0.5,0.5
0.5,0.5
0.5,0.5
0.5,0.5
0.5,0.5
0.5,0.5
0.5,0.5
0.5,0.5
0.5,0.5
0.5,0.5
0.5,0.5
0.5,0.5
0.5,0.5
0.5,0.5
0.5,0.5
0.5,0.5
0.5,0.5
0.5,0.5
0.5,0.5
0.5,0.5
0.5,0.5
0.5,0.5
0.5,0.5
0.5,0.5
0.5,0.5
0.5,0.5
0.5,0.5
0.5,0.5
0.5,0.5
0.5,0.5
0.5,0.5
0.5,0.5
0.5,0.5
0.5,0.5
0.5,0.5
0.5,0.5
0.5,0.5
0.5,0.5
0.5,0.5
0.5,0.5
0.5,0.5
0.5,0.5
0.5,0.5
0.5,0.5
0.5,0.5
0.5,0.5
0.5,0.5
0.5,0.5
0.5,0.5
0.5,0.5
0.5,0.5
0.5,0.5
0.5,0.5
0.5,0.5
0.5,0.5
0.5,0.5
0.5,0.5
0.5,0.5
0.5,0.5
0.5,0.5
0.5,0.5
0.5,0.5
0.5,0.5
0.5,0.5
0.5,0.5
0.5,0.5
0.5,0.5
0.5,0.5
0.5,0.5
0.5,0.5
0.5,0.5
0.5,0.5
0.5,0.5
0.5,0.5
0.5,0.5
0.5,0.5
0.5,0.5
0.5,0.5
0.5,0.5
0.5,0.5
0.5,0.5
0.5,0.5
0.5,0.5
0.5,0.5
0.5,0.5
0.5,0.5
0.5,0.5
0.5,0.5
0.5,0.5
0.5,0.5
0.5,0.5
0.5,0.5
0.5,0.5
0.5,0.5
0.5,0.5
0.5,0.5
0.5,0.5
0.5,0.5
0.5,0.5
0.5,0.5
0.5,0.5
0.5,0.5
0.5,0.5
0.5,0.5
0.5,0.5
0.5,0.5
0.5,0.5
0.5,0.5
0.5,0.5
0.5,0.5
0.5,0.5
0.5,0.5
0.5,0.5
0.5,0.5
0.5,0.5
0.5,0.5
0.5,0.5
0.5,0.5
0.5,0.5
0.5,0.5
0.5,0.5
0.5,0.5
0.5,0.5
0.5,0.5
0.5,0.5
0.5,0.5
0.5,0.5
0.5,0.5
0.5,0.5
0.5,0.5
0.5,0.5
0.5,0.5
0.5,0.5
0.5,0.5
0.5,0.5
0.5,0.5
0.5,0.5
0.5,0.5
0.5,0.5
0.5,0.5
0.5,0.5
0.5,0.5
0.5,0.5
0.5,0.5
0.5,0.5
0.5,0.5
0.5,0.5
0.5,0.5
0.5,0.5
0.5,0.5
0.5,0.5
0.5,0.5
0.5,0.5
0.5,0.5
0.5,0.5
0.5,0.5
0.5,0.5
0.5,0.5
0.5,0.5
0.5,0.5
0.5,0.5
0.5,0.5
0.5,0.5
0.5,0.5
0.5,0.5
0.5,0.5
0.5,0.5
0.5,0.5
0.5,0.5
0.5,0.5
0.5,0.5
0.5,0.5
0.5,0.5
0.5,0.5
0.5,0.5
0.5,0.5
0.5,0.5
0.5,0.5
0.5,0.5
0.5,0.5
0.5,0.5
0.5,0.5
0.5,0.5
0.5,0.5
0.5,0.5
0.5,0.5
0.5,0.5
0.5,0.5
0.5,0.5
0.5,0.5
0.5,0.5
0.5,0.5
0.5,0.5
0.5,0.5
0.5,0.5
0.5,0.5
0.5,0.5
0.5,0.5
0.5,0.5
0.5,0.5
0.5,0.5
0.5,0.5
0.5,0.5
0.5,0.5
0.5,0.5
0.5,0.5
0.5,0.5
0.5,0.5
0.5,0.5
0.5,0.5
0.5,0.5
0.5,0.5
0.5,0.5
0.5,0.5
0.5,0.5
0.5,0.5
0.5,0.5
0.5,0.5
0.5,0.5
0.5,0.5
0.5,0.5
0.5,0.5
0.5,0.5
0.5,0.5
0.5,0.5
0.5,0.5
0.5,0.5
0.5,0.5
0.5,0.5
0.5,0.5
0.5,0.5
0.5,0.5
0.5,0.5
0.5,0.5
0.5,0.5
0.5,0.5
0.5,0.5
0.5,0.5
0.5,0.5
0.5,0.5
0.5,0.5
0.5,0.5
0.5,0.5
0.5,0.5
0.5,0.5
0.5,0.5
0.5,0.5
0.5,0.5
0.5,0.5
0.5,0.5
0.5,0.5
0.5,0.5
0.5,0.5
0.5,0.5
0.5,0.5
0.5,0.5
0.5,0.5
0.5,0.5
0.5,0.5
0.5,0.5
0.5,0.5
0.5,0.5
0.5,0.5
0.5,0.5
0.5,0.5
0.5,0.5
0.5,0.5
0.5,0.5
0.5,0.5
0.5,0.5
0.5,0.5
0.5,0.5
0.5,0.5
0.5,0.5
0.5,0.5
0.5,0.5
0.5,0.5
0.5,0.5
0.5,0.5
0.5,0.5
0.5,0.5
0.5,0.5
0.5,0.5
0.5,0.5
0.5,0.5
0.5,0.5
0.5,0.5
0.5,0.5
0.5,0.5
0.5,0.5
0.5,0.5
0.5,0.5
0.5,0.5
0.5,0.5
0.5,0.5
0.5,0.5
0.5,0.5
0.5,0.5
0.5,0.5
0.5,0.5
0.5,0.5
0.5,0.5
0.5,0.5
0.5,0.5
0.5,0.5
0.5,0.5
0.5,0.5
0.5,0.5
0.5,0.5
0.5,0.5
0.5,0.5
0.5,0.5
0.5,0.5
0.5,0.5
0.5,0.5
0.5,0.5
0.5,0.5
0.5,0.5
0.5,0.5
0.5,0.5
0.5,0.5
0.5,0.5
0.5,0.5
0.5,0.5
0.5,0.5
0.5,0.5
0.5,0.5
0.5,0.5
0.5,0.5
0.5,0.5
0.5,0.5
0.5,0.5
0.5,0.5
0.5,0.5
0.5,0.5
0.5,0.5
0.5,0.5
0.5,0.5
0.5,0.5
0.5,0.5
0.5,0.5
0.5,0.5
0.5,0.5
0.5,0.5
0.5,0.5
0.5,0.5
0.5,0.5
0.5,0.5
0.5,0.5
0.5,0.5
0.5,0.5
0.5,0.5
0.5,0.5
0.5,0.5
0.5,0.5
0.5,0.5
0.5,0.5
0.5,0.5
0.5,0.5
0.5,0.5
0.5,0.5
0.5,0.5
0.5,0.5
0.5,0.5
0.5,0.5
0.5,0.5
0.5,0.5
0.5,0.5
0.5,0.5
0.5,0.5
0.5,0.5
0.5,0.5
0.5,0.5
0.5,0.5
0.5,0.5
0.5,0.5
0.5,0.5
0.5,0.5
0.5,0.5
0.5,0.5
0.5,0.5
0.5,0.5
0.5,0.5
0.5,0.5
0.5,0.5
0.5,0.5
0.5,0.5
0.5,0.5
0.5,0.5
0.5,0.5
0.5,0.5
0.5,0.5
0.5,0.5
0.5,0.5
0.5,0.5
0.5,0.5
0.5,0.5
0.5,0.5
0.5,0.5
0.5,0.5
0.5,0.5
0.5,0.5
0.5,0.5
0.5,0.5
0.5,0.5
0.5,0.5
0.5,0.5
0.5,0.5
0.5,0.5
0.5,0.5
0.5,0.5
0.5,0.5
0.5,0.5
0.5,0.5
0.5,0.5
0.5,0.5
0.5,0.5
0.5,0.5
0.5,0.5
0.5,0.5
0.5,0.5
0.5,0.5
0.5,0.5
0.5,0.5
0.5,0.5
0.5,0.5
0.5,0.5
0.5,0.5
0.5,0.5
0.5,0.5
0.5,0.5
0.5,0.5
0.5,0.5
0.5,0.5
0.5,0.5
0.5,0.5
0.5,0.5
0.5,0.5
0.5,0.5
0.5,0.5
0.5,0.5
0.5,0.5
0.5,0.5
0.5,0.5
0.5,0.5
0.5,0.5
0.5,0.5
0.5,0.5
0.5,0.5
0.5,0.5
0.5,0.5
0.5,0.5
0.5,0.5
0.5,0.5
0.5,0.5
0.5,0.5
0.5,0.5
0.5,0.5
0.5,0.5
0.5,0.5
0.5,0.5
0.5,0.5
0.5,0.5
0.5,0.5
0.5,0.5
0.5,0.5
0.5,0.5
0.5,0.5
0.5,0.5
0.5,0.5
0.5,0.5
0.5,0.5
0.5,0.5
0.5,0.5
0.5,0.5
0.5,0.5
0.5,0.5
0.5,0.5
0.5,0.5
0.5,0.5
0.5,0.5
0.5,0.5
0.5,0.5
0.5,0.5
0.5,0.5
0.5,0.5
0.5,0.5
0.5,0.5
0.5,0.5
0.5,0.5
0.5,0.5
0.5,0.5
0.5,0.5
0.5,0.5
0.5,0.5
0.5,0.5
0.5,0.5
0.5,0.5
0.5,0.5
0.5,0.5
0.5,0.5
0.5,0.5
0.5,0.5
0.5,0.5
0.5,0.5
0.5,0.5
0.5,0.5
0.5,0.5
0.5,0.5
0.5,0.5
0.5,0.5
0.5,0.5
0.5,0.5
0.5,0.5
0.5,0.5
0.5,0.5
0.5,0.5
0.5,0.5
0.5,0.5
0.5,0.5
0.5,0.5
0.5,0.5
0.5,0.5
0.5,0.5
0.5,0.5
0.5,0.5
0.5,0.5
0.5,0.5
0.5,0.5
0.5,0.5
0.5,0.5
0.5,0.5
0.5,0.5
0.5,0.5
0.5,0.5
0.5,0.5
0.5,0.5
0.5,0.5
0.5,0.5
0.5,0.5
0.5,0.5
0.5,0.5
0.5,0.5
0.5,0.5
0.5,0.5
0.5,0.5
0.5,0.5
0.5,0.5
0.5,0.5
0.5,0.5
0.5,0.5
0.5,0.5
0.5,0.5
0.5,0.5
0.5,0.5
0.5,0.5
0.5,0.5
0.5,0.5
0.5,0.5
0.5,0.5
0.5,0.5
0.5,0.5
0.5,0.5
0.5,0.5
0.5,0.5
0.5,0.5
0.5,0.5
0.5,0.5
0.5,0.5
0.5,0.5
0.5,0.5
0.5,0.5
0.5,0.5
0.5,0.5
0.5,0.5
0.5,0.5
0.5,0.5
0.5,0.5
0.5,0.5
0.5,0.5
0.5,0.5
0.5,0.5
0.5,0.5
0.5,0.5
0.5,0.5
0.5,0.5
0.5,0.5
0.5,0.5
0.5,0.5
0.5,0.5
0.5,0.5
0.5,0.5
0.5,0.5
0.5,0.5
0.5,0.5
0.5,0.5
0.5,0.5
0.5,0.5
0.5,0.5
0.5,0.5
0.5,0.5
0.5,0.5
0.5,0.5
0.5,0.5
0.5,0.5
0.5,0.5
0.5,0.5
0.5,0.5
0.5,0.5
0.5,0.5
0.5,0.5
0.5,0.5
0.5,0.5
0.5,0.5
0.5,0.5
0.5,0.5
0.5,0.5
0.5,0.5
0.5,0.5
0.5,0.5
0.5,0.5
0.5,0.5
0.5,0.5
0.5,0.5
0.5,0.5
0.5,0.5
0.5,0.5
0.5,0.5
0.5,0.5
0.5,0.5
0.5,0.5
0.5,0.5
0.5,0.5
0.5,0.5
0.5,0.5
0.5,0.5
0.5,0.5
0.5,0.5
0.5,0.5
0.5,0.5
0.5,0.5
0.5,0.5
0.5,0.5
0.5,0.5
0.5,0.5
0.5,0.5
0.5,0.5
0.5,0.5
0.5,0.5
0.5,0.5
0.5,0.5
0.5,0.5
0.5,0.5
0.5,0.5
0.5,0.5
0.5,0.5
0.5,0.5
0.5,0.5
0.5,0.5
0.5,0.5
0.5,0.5
0.5,0.5
0.5,0.5
0.5,0.5
0.5,0.5
0.5,0.5
0.5,0.5
0.5,0.5
0.5,0.5
0.5,0.5
0.5,0.5
0.5,0.5
0.5,0.5
0.5,0.5
0.5,0.5
0.5,0.5
0.5,0.5
0.5,0.5
0.5,0.5
0.5,0.5
0.5,0.5
0.5,0.5
0.5,0.5
0.5,0.5
0.5,0.5
0.5,0.5
0.5,0.5
0.5,0.5
0.5,0.5
0.5,0.5
0.5,0.5
0.5,0.5
0.5,0.5
0.5,0.5
0.5,0.5
0.5,0.5
0.5,0.5
0.5,0.5
0.5,0.5
0.5,0.5
0.5,0.5
0.5,0.5
0.5,0.5
0.5,0.5
0.5,0.5
0.5,0.5
0.5,0.5
0.5,0.5
0.5,0.5
0.5,0.5
0.5,0.5
0.5,0.5
0.5,0.5
0.5,0.5
0.5,0.5
0.5,0.5
0.5,0.5
0.5,0.5
0.5,0.5
0.5,0.5
0.5,0.5
0.5,0.5
0.5,0.5
0.5,0.5
0.5,0.5
0.5,0.5
0.5,0.5
0.5,0.5
0.5,0.5
0.5,0.5
0.5,0.5
0.5,0.5
0.5,0.5
0.5,0.5
0.5,0.5
0.5,0.5
0.5,0.5
0.5,0.5
0.5,0.5
0.5,0.5
0.5,0.5
0.5,0.5
0.5,0.5
0.5,0.5
0.5,0.5
0.5,0.5
0.5,0.5
0.5,0.5
0.5,0.5
0.5,0.5
0.5,0.5
0.5,0.5
0.5,0.5
0.5,0.5
0.5,0.5
0.5,0.5
0.5,0.5
0.5,0.5
0.5,0.5
0.5,0.5
0.5,0.5
0.5,0.5
0.5,0.5
0.5,0.5
0.5,0.5
0.5,0.5
0.5,0.5
0.5,0.5
0.5,0.5
0.5,0.5
0.5,0.5
0.5,0.5
0.5,0.5
0.5,0.5
0.5,0.5
0.5,0.5
0.5,0.5
0.5,0.5
0.5,0.5
0.5,0.5
0.5,0.5
0.5,0.5
0.5,0.5
0.5,0.5
0.5,0.5
0.5,0.5
0.5,0.5
0.5,0.5
0.5,0.5
0.5,0.5
0.5,0.5
0.5,0.5
0.5,0.5
0.5,0.5
0.5,0.5
0.5,0.5
0.5,0.5
0.5,0.5
0.5,0.5
0.5,0.5
0.5,0.5
0.5,0.5
0.5,0.5
0.5,0.5
0.5,0.5
0.5,0.5
0.5,0.5
0.5,0.5
0.5,0.5
0.5,0.5
0.5,0.5
0.5,0.5
0.5,0.5
0.5,0.5
0.5,0.5
0.5,0.5
0.5,0.5
0.5,0.5
0.5,0.5
0.5,0.5
0.5,0.5
0.5,0.5
0.5,0.5
0.5,0.5
0.5,0.5
0.5,0.5
0.5,0.5
0.5,0.5
0.5,0.5
0.5,0.5
0.5,0.5
0.5,0.5
0.5,0.5
0.5,0.5
0.5,0.5
0.5,0.5
0.5,0.5
0.5,0.5
0.5,0.5
0.5,0.5
0.5,0.5
0.5,0.5
0.5,0.5
0.5,0.5
0.5,0.5
0.5,0.5
0.5,0.5
0.5,0.5
0.5,0.5
0.5,0.5
0.5,0.5
0.5,0.5
0.5,0.5
0.5,0.5
0.5,0.5
0.5,0.5
0.5,0.5
0.5,0.5
0.5,0.5
0.5,0.5
0.5,0.5
0.5,0.5
0.5,0.5
0.5,0.5
0.5,0.5
0.5,0.5
0.5,0.5
0.5,0.5
0.5,0.5
0.5,0.5
0.5,0.5
0.5,0.5
0.5,0.5
0.5,0.5
0.5,0.5
0.5,0.5
0.5,0.5
0.5,0.5
0.5,0.5
0.5,0.5
0.5,0.5
0.5,0.5
0.5,0.5
0.5,0.5
0.5,0.5
0.5,0.5
0.5,0.5
0.5,0.5
0.5,0.5
0.5,0.5
0.5,0.5
0.5,0.5
0.5,0.5
0.5,0.5
0.5,0.5
0.5,0.5
0.5,0.5
0.5,0.5
0.5,0.5
0.5,0.5
0.5,0.5
0.5,0.5
0.5,0.5
0.5,0.5
0.5,0.5
0.5,0.5
0.5,0.5
0.5,0.5
0.5,0.5
0.5,0.5
0.5,0.5
0.5,0.5
0.5,0.5
0.5,0.5
0.5,0.5
0.5,0.5
0.5,0.5
0.5,0.5
0.5,0.5
0.5,0.5
0.5,0.5
0.5,0.5
0.5,0.5
0.5,0.5
0.5,0.5
0.5,0.5
0.5,0.5
0.5,0.5
0.5,0.5
0.5,0.5
0.5,0.5
0.5,0.5
0.5,0.5
0.5,0.5
0.5,0.5
0.5,0.5
0.5,0.5
0.5,0.5
0.5,0.5
0.5,0.5
0.5,0.5
0.5,0.5
0.5,0.5
0.5,0.5
0.5,0.5
0.5,0.5
0.5,0.5
0.5,0.5
0.5,0.5
0.5,0.5
0.5,0.5
0.5,0.5
0.5,0.5
0.5,0.5
0.5,0.5
0.5,0.5
0.5,0.5
0.5,0.5
0.5,0.5
0.5,0.5
0.5,0.5
0.5,0.5
0.5,0.5
0.5,0.5
0.5,0.5
0.5,0.5
0.5,0.5
0.5,0.5
0.5,0.5
0.5,0.5
0.5,0.5
0.5,0.5
0.5,0.5
0.5,0.5
0.5,0.5
0.5,0.5
0.5,0.5
0.5,0.5
0.5,0.5
0.5,0.5
0.5,0.5
0.5,0.5
0.5,0.5
0.5,0.5
0.5,0.5
0.5,0.5
0.5,0.5
0.5,0.5
0.5,0.5
0.5,0.5
0.5,0.5
0.5,0.5
0.5,0.5
0.5,0.5
0.5,0.5
0.5,0.5
0.5,0.5
0.5,0.5
0.5,0.5
0.5,0.5
0.5,0.5
0.5,0.5
0.5,0.5
0.5,0.5
0.5,0.5
0.5,0.5
0.5,0.5
0.5,0.5
0.5,0.5
0.5,0.5
0.5,0.5
0.5,0.5
0.5,0.5
0.5,0.5
0.5,0.5
0.5,0.5
0.5,0.5
0.5,0.5
0.5,0.5
0.5,0.5
0.5,0.5
0.5,0.5
0.5,0.5
0.5,0.5
0.5,0.5
0.5,0.5
0.5,0.5
0.5,0.5
0.5,0.5
0.5,0.5
0.5,0.5
0.5,0.5
0.5,0.5
0.5,0.5
0.5,0.5
0.5,0.5
0.5,0.5
0.5,0.5
0.5,0.5
0.5,0.5
0.5,0.5
0.5,0.5
0.5,0.5
0.5,0.5
0.5,0.5
0.5,0.5
0.5,0.5
0.5,0.5
0.5,0.5
0.5,0.5
0.5,0.5
0.5,0.5
0.5,0.5
0.5,0.5
0.5,0.5
0.5,0.5
0.5,0.5
0.5,0.5
0.5,0.5
0.5,0.5
0.5,0.5
0.5,0.5
0.5,0.5
0.5,0.5
0.5,0.5
0.5,0.5
0.5,0.5
0.5,0.5
0.5,0.5
0.5,0.5
0.5,0.5
0.5,0.5
0.5,0.5
0.5,0.5
0.5,0.5
0.5,0.5
0.5,0.5
0.5,0.5
0.5,0.5
0.5,0.5
0.5,0.5
0.5,0.5
0.5,0.5
0.5,0.5
0.5,0.5
0.5,0.5
0.5,0.5
0.5,0.5
0.5,0.5
0.5,0.5
0.5,0.5
0.5,0.5
0.5,0.5
0.5,0.5
0.5,0.5
0.5,0.5
0.5,0.5
0.5,0.5
0.5,0.5
0.5,0.5
0.5,0.5
0.5,0.5
0.5,0.5
0.5,0.5
0.5,0.5
0.5,0.5
0.5,0.5
0.5,0.5
0.5,0.5
0.5,0.5
0.5,0.5
0.5,0.5
0.5,0.5
0.5,0.5
0.5,0.5
0.5,0.5
0.5,0.5
0.5,0.5
0.5,0.5
0.5,0.5
0.5,0.5
0.5,0.5
0.5,0.5
0.5,0.5
0.5,0.5
0.5,0.5
0.5,0.5
0.5,0.5
0.5,0.5
0.5,0.5
0.5,0.5
0.5,0.5
0.5,0.5
0.5,0.5
0.5,0.5
0.5,0.5
0.5,0.5
0.5,0.5
0.5,0.5
0.5,0.5
0.5,0.5
0.5,0.5
0.5,0.5
0.5,0.5
0.5,0.5
0.5,0.5
0.5,0.5
0.5,0.5
0.5,0.5
0.5,0.5
0.5,0.5
0.5,0.5
0.5,0.5
0.5,0.5
0.5,0.5
0.5,0.5
0.5,0.5
0.5,0.5
0.5,0.5
0.5,0.5
0.5,0.5
0.5,0.5
0.5,0.5
0.5,0.5
0.5,0.5
0.5,0.5
0.5,0.5
0.5,0.5
0.5,0.5
0.5,0.5
0.5,0.5
0.5,0.5
0.5,0.5
0.5,0.5
0.5,0.5
0.5,0.5
0.5,0.5
0.5,0.5
0.5,0.5
0.5,0.5
0.5,0.5
0.5,0.5
0.5,0.5
0.5,0.5
0.5,0.5
0.5,0.5
0.5,0.5
0.5,0.5
0.5,0.5
0.5,0.5
0.5,0.5
0.5,0.5
0.5,0.5
0.5,0.5
0.5,0.5
0.5,0.5
0.5,0.5
0.5,0.5
0.5,0.5
0.5,0.5
0.5,0.5
0.5,0.5
0.5,0.5
0.5,0.5
0.5,0.5
0.5,0.5
0.5,0.5
0.5,0.5
0.5,0.5
0.5,0.5
0.5,0.5
0.5,0.5
0.5,0.5
0.5,0.5
0.5,0.5
0.5,0.5
0.5,0.5
0.5,0.5
0.5,0.5
0.5,0.5
0.5,0.5
0.5,0.5
0.5,0.5
0.5,0.5
0.5,0.5
0.5,0.5
0.5,0.5
0.5,0.5
0.5,0.5
0.5,0.5
0.5,0.5
0.5,0.5
0.5,0.5
0.5,0.5
0.5,0.5
0.5,0.5
0.5,0.5
0.5,0.5
0.5,0.5
0.5,0.5
0.5,0.5
0.5,0.5
0.5,0.5
0.5,0.5
0.5,0.5
0.5,0.5
0.5,0.5
0.5,0.5
0.5,0.5
0.5,0.5
0.5,0.5
0.5,0.5
0.5,0.5
0.5,0.5
0.5,0.5
0.5,0.5
0.5,0.5
0.5,0.5
0.5,0.5
0.5,0.5
0.5,0.5
0.5,0.5
0.5,0.5
0.5,0.5
0.5,0.5
0.5,0.5
0.5,0.5
0.5,0.5
0.5,0.5
0.5,0.5
0.5,0.5
0.5,0.5
0.5,0.5
0.5,0.5
0.5,0.5
0.5,0.5
0.5,0.5
0.5,0.5
0.5,0.5
0.5,0.5
0.5,0.5
0.5,0.5
0.5,0.5
0.5,0.5
0.5,0.5
0.5,0.5
0.5,0.5
0.5,0.5
0.5,0.5
0.5,0.5
0.5,0.5
0.5,0.5
0.5,0.5
0.5,0.5
0.5,0.5
0.5,0.5
0.5,0.5
0.5,0.5
0.5,0.5
0.5,0.5
0.5,0.5
0.5,0.5
0.5,0.5
0.5,0.5
0.5,0.5
0.5,0.5
0.5,0.5
0.5,0.5
0.5,0.5
0.5,0.5
0.5,0.5
0.5,0.5
0.5,0.5
0.5,0.5
0.5,0.5
0.5,0.5
0.5,0.5
0.5,0.5
0.5,0.5
0.5,0.5
0.5,0.5
0.5,0.5
0.5,0.5
0.5,0.5
0.5,0.5
0.5,0.5
0.5,0.5
0.5,0.5
0.5,0.5
0.5,0.5
0.5,0.5
0.5,0.5
0.5,0.5
0.5,0.5
0.5,0.5
0.5,0.5
0.5,0.5
0.5,0.5
0.5,0.5
0.5,0.5
0.5,0.5
0.5,0.5
0.5,0.5
0.5,0.5
0.5,0.5
0.5,0.5
0.5,0.5
0.5,0.5
0.5,0.5
0.5,0.5
0.5,0.5
0.5,0.5
0.5,0.5
0.5,0.5
0.5,0.5
0.5,0.5
0.5,0.5
0.5,0.5
0.5,0.5
0.5,0.5
0.5,0.5
0.5,0.5
0.5,0.5
0.5,0.5
0.5,0.5
0.5,0.5
0.5,0.5
0.5,0.5
0.5,0.5
0.5,0.5
0.5,0.5
0.5,0.5
0.5,0.5
0.5,0.5
0.5,0.5
0.5,0.5
0.5,0.5
0.5,0.5
0.5,0.5
0.5,0.5
0.5,0.5
0.5,0.5
0.5,0.5
0.5,0.5
0.5,0.5
0.5,0.5
0.5,0.5
0.5,0.5
0.5,0.5
0.5,0.5
0.5,0.5
0.5,0.5
0.5,0.5
0.5,0.5
0.5,0.5
0.5,0.5
0.5,0.5
0.5,0.5
0.5,0.5
0.5,0.5
0.5,0.5
0.5,0.5
0.5,0.5
0.5,0.5
0.5,0.5
0.5,0.5
0.5,0.5
0.5,0.5
0.5,0.5
0.5,0.5
0.5,0.5
0.5,0.5
0.5,0.5
0.5,0.5
0.5,0.5
0.5,0.5
0.5,0.5
0.5,0.5
0.5,0.5
0.5,0.5
0.5,0.5
0.5,0.5
0.5,0.5
0.5,0.5
0.5,0.5
0.5,0.5
0.5,0.5
0.5,0.5
0.5,0.5
0.5,0.5
0.5,0.5
0.5,0.5
0.5,0.5
0.5,0.5
0.5,0.5
0.5,0.5
0.5,0.5
0.5,0.5
0.5,0.5
0.5,0.5
0.5,0.5
0.5,0.5
0.5,0.5
0.5,0.5
0.5,0.5
0.5,0.5
0.5,0.5
0.5,0.5
0.5,0.5
0.5,0.5
0.5,0.5
0.5,0.5
0.5,0.5
0.5,0.5
0.5,0.5
0.5,0.5
0.5,0.5
0.5,0.5
0.5,0.5
0.5,0.5
0.5,0.5
0.5,0.5
0.5,0.5
0.5,0.5
0.5,0.5
0.5,0.5
0.5,0.5
0.5,0.5
0.5,0.5
0.5,0.5
0.5,0.5
0.5,0.5
0.5,0.5
0.5,0.5
0.5,0.5
0.5,0.5
0.5,0.5
0.5,0.5
0.5,0.5
0.5,0.5
0.5,0.5
0.5,0.5
0.5,0.5
0.5,0.5
0.5,0.5
0.5,0.5
0.5,0.5
0.5,0.5
0.5,0.5
0.5,0.5
0.5,0.5
0.5,0.5
0.5,0.5
0.5,0.5
0.5,0.5
0.5,0.5
0.5,0.5
0.5,0.5
0.5,0.5
0.5,0.5
0.5,0.5
0.5,0.5
0.5,0.5
0.5,0.5
0.5,0.5
0.5,0.5
0.5,0.5
0.5,0.5
0.5,0.5
0.5,0.5
0.5,0.5
0.5,0.5
0.5,0.5
0.5,0.5
0.5,0.5
0.5,0.5
0.5,0.5
0.5,0.5
0.5,0.5
0.5,0.5
0.5,0.5
0.5,0.5
0.5,0.5
0.5,0.5
0.5,0.5
0.5,0.5
0.5,0.5
0.5,0.5
0.5,0.5
0.5,0.5
0.5,0.5
0.5,0.5
0.5,0.5
0.5,0.5
0.5,0.5
0.5,0.5
0.5,0.5
0.5,0.5
0.5,0.5
0.5,0.5
0.5,0.5
0.5,0.5
0.5,0.5
0.5,0.5
0.5,0.5
0.5,0.5
0.5,0.5
0.5,0.5
0.5,0.5
0.5,0.5
0.5,0.5
0.5,0.5
0.5,0.5
0.5,0.5
0.5,0.5
0.5,0.5
0.5,0.5
0.5,0.5
0.5,0.5
0.5,0.5
0.5,0.5
0.5,0.5
0.5,0.5
0.5,0.5
0.5,0.5
0.5,0.5
0.5,0.5
0.5,0.5
0.5,0.5
0.5,0.5
0.5,0.5
0.5,0.5
0.5,0.5
0.5,0.5
0.5,0.5
0.5,0.5
0.5,0.5
0.5,0.5
0.5,0.5
0.5,0.5
0.5,0.5
0.5,0.5
0.5,0.5
0.5,0.5
0.5,0.5
0.5,0.5
0.5,0.5
0.5,0.5
0.5,0.5
0.5,0.5
0.5,0.5
0.5,0.5
0.5,0.5
0.5,0.5
0.5,0.5
0.5,0.5
0.5,0.5
0.5,0.5
0.5,0.5
0.5,0.5
0.5,0.5
0.5,0.5
0.5,0.5
0.5,0.5
0.5,0.5
0.5,0.5
0.5,0.5
0.5,0.5
0.5,0.5
0.5,0.5
0.5,0.5
0.5,0.5
0.5,0.5
0.5,0.5
0.5,0.5
0.5,0.5
0.5,0.5
0.5,0.5
0.5,0.5
0.5,0.5
0.5,0.5
0.5,0.5
0.5,0.5
0.5,0.5
0.5,0.5
0.5,0.5
0.5,0.5
0.5,0.5
0.5,0.5
0.5,0.5
0.5,0.5
0.5,0.5
0.5,0.5
0.5,0.5
0.5,0.5
0.5,0.5
0.5,0.5
0.5,0.5
0.5,0.5
0.5,0.5
0.5,0.5
0.5,0.5
0.5,0.5
0.5,0.5
0.5,0.5
0.5,0.5
0.5,0.5
0.5,0.5
0.5,0.5
0.5,0.5
0.5,0.5
0.5,0.5
0.5,0.5
0.5,0.5
0.5,0.5
0.5,0.5
0.5,0.5
0.5,0.5
0.5,0.5
0.5,0.5
0.5,0.5
0.5,0.5
0.5,0.5
0.5,0.5
0.5,0.5
0.5,0.5
0.5,0.5
0.5,0.5
0.5,0.5
0.5,0.5
0.5,0.5
0.5,0.5
0.5,0.5
0.5,0.5
0.5,0.5
0.5,0.5
0.5,0.5
0.5,0.5
0.5,0.5
0.5,0.5
0.5,0.5
0.5,0.5
0.5,0.5
0.5,0.5
0.5,0.5
0.5,0.5
0.5,0.5
0.5,0.5
0.5,0.5
0.5,0.5
0.5,0.5
0.5,0.5
0.5,0.5
0.5,0.5
0.5,0.5
0.5,0.5
0.5,0.5
0.5,0.5
0.5,0.5
0.5,0.5
0.5,0.5
0.5,0.5
0.5,0.5
0.5,0.5
0.5,0.5
0.5,0.5
0.5,0.5
0.5,0.5
0.5,0.5
0.5,0.5
0.5,0.5
0.5,0.5
0.5,0.5
0.5,0.5
0.5,0.5
0.5,0.5
0.5,0.5
0.5,0.5
0.5,0.5
0.5,0.5
0.5,0.5
0.5,0.5
0.5,0.5
0.5,0.5
0.5,0.5
0.5,0.5
0.5,0.5
0.5,0.5
0.5,0.5
0.5,0.5
0.5,0.5
0.5,0.5
0.5,0.5
0.5,0.5
0.5,0.5
0.5,0.5
0.5,0.5
0.5,0.5
0.5,0.5
0.5,0.5
0.5,0.5
0.5,0.5
0.5,0.5
0.5,0.5
0.5,0.5
0.5,0.5
0.5,0.5
0.5,0.5
0.5,0.5
0.5,0.5
0.5,0.5
0.5,0.5
0.5,0.5
0.5,0.5
0.5,0.5
0.5,0.5
0.5,0.5
0.5,0.5
0.5,0.5
0.5,0.5
0.5,0.5
0.5,0.5
0.5,0.5
0.5,0.5
0.5,0.5
0.5,0.5
0.5,0.5
0.5,0.5
0.5,0.5
0.5,0.5
0.5,0.5
0.5,0.5
0.5,0.5
0.5,0.5
0.5,0.5
0.5,0.5
0.5,0.5
0.5,0.5
0.5,0.5
0.5,0.5
0.5,0.5
0.5,0.5
0.5,0.5
0.5,0.5
0.5,0.5
0.5,0.5
0.5,0.5
0.5,0.5
0.5,0.5
0.5,0.5
0.5,0.5
0.5,0.5
0.5,0.5
0.5,0.5
0.5,0.5
0.5,0.5
0.5,0.5
0.5,0.5
0.5,0.5
0.5,0.5
0.5,0.5
0.5,0.5
0.5,0.5
0.5,0.5
0.5,0.5
0.5,0.5
0.5,0.5
0.5,0.5
0.5,0.5
0.5,0.5
0.5,0.5
0.5,0.5
0.5,0.5
0.5,0.5
0.5,0.5
0.5,0.5
0.5,0.5
0.5,0.5
0.5,0.5
0.5,0.5
0.5,0.5
0.5,0.5
0.5,0.5
0.5,0.5
0.5,0.5
0.5,0.5
0.5,0.5
0.5,0.5
0.5,0.5
0.5,0.5
0.5,0.5
0.5,0.5
0.5,0.5
0.5,0.5
0.5,0.5
0.5,0.5
0.5,0.5
0.5,0.5
0.5,0.5
0.5,0.5
0.5,0.5
0.5,0.5
0.5,0.5
0.5,0.5
0.5,0.5
0.5,0.5
0.5,0.5
0.5,0.5
0.5,0.5
0.5,0.5
0.5,0.5
0.5,0.5
0.5,0.5
0.5,0.5
0.5,0.5
0.5,0.5
0.5,0.5
0.5,0.5
0.5,0.5
0.5,0.5
0.5,0.5
0.5,0.5
0.5,0.5
0.5,0.5
0.5,0.5
0.5,0.5
0.5,0.5
0.5,0.5
0.5,0.5
0.5,0.5
0.5,0.5
0.5,0.5
0.5,0.5
0.5,0.5
0.5,0.5
0.5,0.5
0.5,0.5
0.5,0.5
0.5,0.5
0.5,0.5
0.5,0.5
0.5,0.5
0.5,0.5
0.5,0.5
0.5,0.5
0.5,0.5
0.5,0.5
0.5,0.5
0.5,0.5
0.5,0.5
0.5,0.5
0.5,0.5
0.5,0.5
0.5,0.5
0.5,0.5
0.5,0.5
0.5,0.5
0.5,0.5
0.5,0.5
0.5,0.5
0.5,0.5
0.5,0.5
0.5,0.5
0.5,0.5
0.5,0.5
0.5,0.5
0.5,0.5
0.5,0.5
0.5,0.5
0.5,0.5
0.5,0.5
0.5,0.5
0.5,0.5
0.5,0.5
0.5,0.5
0.5,0.5
0.5,0.5
0.5,0.5
0.5,0.5
0.5,0.5
0.5,0.5
0.5,0.5
0.5,0.5
0.5,0.5
0.5,0.5
0.5,0.5
0.5,0.5
0.5,0.5
0.5,0.5
0.5,0.5
0.5,0.5
0.5,0.5
0.5,0.5
0.5,0.5
0.5,0.5
0.5,0.5
0.5,0.5
0.5,0.5
0.5,0.5
0.5,0.5
0.5,0.5
0.5,0.5
0.5,0.5
0.5,0.5
0.5,0.5
0.5,0.5
0.5,0.5
0.5,0.5
0.5,0.5
0.5,0.5
0.5,0.5
0.5,0.5
0.5,0.5
0.5,0.5
0.5,0.5
0.5,0.5
0.5,0.5
0.5,0.5
0.5,0.5
0.5,0.5
0.5,0.5
0.5,0.5
0.5,0.5
0.5,0.5
0.5,0.5
0.5,0.5
0.5,0.5
0.5,0.5
0.5,0.5
0.5,0.5
0.5,0.5
0.5,0.5
0.5,0.5
0.5,0.5
0.5,0.5
0.5,0.5
0.5,0.5
0.5,0.5
0.5,0.5
0.5,0.5
0.5,0.5
0.5,0.5
0.5,0.5
0.5,0.5
0.5,0.5
0.5,0.5
0.5,0.5
0.5,0.5
0.5,0.5
0.5,0.5
0.5,0.5
0.5,0.5
0.5,0.5
0.5,0.5
0.5,0.5
0.5,0.5
0.5,0.5
0.5,0.5
0.5,0.5
0.5,0.5
0.5,0.5
0.5,0.5
0.5,0.5
0.5,0.5
0.5,0.5
0.5,0.5
0.5,0.5
0.5,0.5
0.5,0.5
0.5,0.5
0.5,0.5
0.5,0.5
0.5,0.5
0.5,0.5
0.5,0.5
0.5,0.5
0.5,0.5
0.5,0.5
0.5,0.5
0.5,0.5
0.5,0.5
0.5,0.5
0.5,0.5
0.5,0.5
0.5,0.5
0.5,0.5
0.5,0.5
0.5,0.5
0.5,0.5
0.5,0.5
0.5,0.5
0.5,0.5
0.5,0.5
0.5,0.5
0.5,0.5
0.5,0.5
0.5,0.5
0.5,0.5
0.5,0.5
0.5,0.5
0.5,0.5
0.5,0.5
0.5,0.5
0.5,0.5
0.5,0.5
0.5,0.5
0.5,0.5
0.5,0.5
0.5,0.5
0.5,0.5
0.5,0.5
0.5,0.5
0.5,0.5
0.5,0.5
0.5,0.5
0.5,0.5
0.5,0.5
0.5,0.5
0.5,0.5
0.5,0.5
0.5,0.5
0.5,0.5
0.5,0.5
0.5,0.5
0.5,0.5
0.5,0.5
0.5,0.5
0.5,0.5
0.5,0.5
0.5,0.5
0.5,0.5
0.5,0.5
0.5,0.5
0.5,0.5
0.5,0.5
0.5,0.5
0.5,0.5
0.5,0.5
0.5,0.5
0.5,0.5
0.5,0.5
0.5,0.5
0.5,0.5
0.5,0.5
0.5,0.5
0.5,0.5
0.5,0.5
0.5,0.5
0.5,0.5
0.5,0.5
0.5,0.5
0.5,0.5
0.5,0.5
0.5,0.5
0.5,0.5
0.5,0.5
0.5,0.5
0.5,0.5
0.5,0.5
0.5,0.5
0.5,0.5
0.5,0.5
0.5,0.5
0.5,0.5
0.5,0.5
0.5,0.5
0.5,0.5
0.5,0.5
0.5,0.5
0.5,0.5
0.5,0.5
0.5,0.5
0.5,0.5
0.5,0.5
0.5,0.5
0.5,0.5
0.5,0.5
0.5,0.5
0.5,0.5
0.5,0.5
0.5,0.5
0.5,0.5
0.5,0.5
0.5,0.5
0.5,0.5
0.5,0.5
0.5,0.5
0.5,0.5
0.5,0.5
0.5,0.5
0.5,0.5
0.5,0.5
0.5,0.5
0.5,0.5
0.5,0.5
0.5,0.5
0.5,0.5
0.5,0.5
0.5,0.5
0.5,0.5
0.5,0.5
0.5,0.5
0.5,0.5
0.5,0.5
0.5,0.5
0.5,0.5
0.5,0.5
0.5,0.5
0.5,0.5
0.5,0.5
0.5,0.5
0.5,0.5
0.5,0.5
0.5,0.5
0.5,0.5
0.5,0.5
0.5,0.5
0.5,0.5
0.5,0.5
0.5,0.5
0.5,0.5
0.5,0.5
0.5,0.5
0.5,0.5
0.5,0.5
0.5,0.5
0.5,0.5
0.5,0.5
0.5,0.5
0.5,0.5
0.5,0.5
0.5,0.5
0.5,0.5
0.5,0.5
0.5,0.5
0.5,0.5
0.5,0.5
0.5,0.5
0.5,0.5
0.5,0.5
0.5,0.5
0.5,0.5
0.5,0.5
0.5,0.5
0.5,0.5
0.5,0.5
0.5,0.5
0.5,0.5
0.5,0.5
0.5,0.5
0.5,0.5
0.5,0.5
0.5,0.5
0.5,0.5
0.5,0.5
0.5,0.5
0.5,0.5
0.5,0.5
0.5,0.5
0.5,0.5
0.5,0.5
0.5,0.5
0.5,0.5
0.5,0.5
0.5,0.5
0.5,0.5
0.5,0.5
0.5,0.5
0.5,0.5
0.5,0.5
0.5,0.5
0.5,0.5
0.5,0.5
0.5,0.5
0.5,0.5
0.5,0.5
0.5,0.5
0.5,0.5
0.5,0.5
0.5,0.5
0.5,0.5
0.5,0.5
0.5,0.5
0.5,0.5
0.5,0.5
0.5,0.5
0.5,0.5
0.5,0.5
0.5,0.5
0.5,0.5
0.5,0.5
0.5,0.5
0.5,0.5
0.5,0.5
0.5,0.5
0.5,0.5
0.5,0.5
0.5,0.5
0.5,0.5
0.5,0.5
0.5,0.5
0.5,0.5
0.5,0.5
0.5,0.5
0.5,0.5
0.5,0.5
0.5,0.5
0.5,0.5
0.5,0.5
0.5,0.5
0.5,0.5
0.5,0.5
0.5,0.5
0.5,0.5
0.5,0.5
0.5,0.5
0.5,0.5
0.5,0.5
0.5,0.5
0.5,0.5
0.5,0.5
0.5,0.5
0.5,0.5
0.5,0.5
0.5,0.5
0.5,0.5
0.5,0.5
0.5,0.5
0.5,0.5
0.5,0.5
0.5,0.5
0.5,0.5
0.5,0.5
0.5,0.5
0.5,0.5
0.5,0.5
0.5,0.5
0.5,0.5
0.5,0.5
0.5,0.5
0.5,0.5
0.5,0.5
0.5,0.5
0.5,0.5
0.5,0.5
0.5,0.5
0.5,0.5
0.5,0.5
0.5,0.5
0.5,0.5
0.5,0.5
0.5,0.5
0.5,0.5
0.5,0.5
0.5,0.5
0.5,0.5
0.5,0.5
0.5,0.5
0.5,0.5
0.5,0.5
0.5,0.5
0.5,0.5
0.5,0.5
0.5,0.5
0.5,0.5
0.5,0.5
0.5,0.5
0.5,0.5
0.5,0.5
0.5,0.5
0.5,0.5
0.5,0.5
0.5,0.5
0.5,0.5
0.5,0.5
0.5,0.5
0.5,0.5
0.5,0.5
0.5,0.5
0.5,0.5
0.5,0.5
0.5,0.5
0.5,0.5
0.5,0.5
0.5,0.5
0.5,0.5
0.5,0.5
0.5,0.5
0.5,0.5
0.5,0.5
0.5,0.5
0.5,0.5
0.5,0.5
0.5,0.5
0.5,0.5
0.5,0.5
0.5,0.5
0.5,0.5
0.5,0.5
0.5,0.5
0.5,0.5
0.5,0.5
0.5,0.5
0.5,0.5
0.5,0.5
0.5,0.5
0.5,0.5
0.5,0.5
0.5,0.5
0.5,0.5
0.5,0.5
0.5,0.5
0.5,0.5
0.5,0.5
0.5,0.5
0.5,0.5
0.5,0.5
0.5,0.5
0.5,0.5
0.5,0.5
0.5,0.5
0.5,0.5
0.5,0.5
0.5,0.5
0.5,0.5
0.5,0.5
0.5,0.5
0.5,0.5
0.5,0.5
0.5,0.5
0.5,0.5
0.5,0.5
0.5,0.5
0.5,0.5
0.5,0.5
0.5,0.5
0.5,0.5
0.5,0.5
0.5,0.5
0.5,0.5
0.5,0.5
0.5,0.5
0.5,0.5
0.5,0.5
0.5,0.5
0.5,0.5
0.5,0.5
0.5,0.5
0.5,0.5
0.5,0.5
0.5,0.5
0.5,0.5
0.5,0.5
0.5,0.5
0.5,0.5
0.5,0.5
0.5,0.5
0.5,0.5
0.5,0.5
0.5,0.5
0.5,0.5
0.5,0.5
0.5,0.5
0.5,0.5
0.5,0.5
0.5,0.5
0.5,0.5
0.5,0.5
0.5,0.5
0.5,0.5
0.5,0.5
0.5,0.5
0.5,0.5
0.5,0.5
0.5,0.5
0.5,0.5
0.5,0.5
0.5,0.5
0.5,0.5
0.5,0.5
0.5,0.5
0.5,0.5
0.5,0.5
0.5,0.5
0.5,0.5
0.5,0.5
0.5,0.5
0.5,0.5
0.5,0.5
0.5,0.5
0.5,0.5
0.5,0.5
0.5,0.5
0.5,0.5
0.5,0.5
0.5,0.5
0.5,0.5
0.5,0.5
0.5,0.5
0.5,0.5
0.5,0.5
0.5,0.5
0.5,0.5
0.5,0.5
0.5,0.5
0.5,0.5
0.5,0.5
0.5,0.5
0.5,0.5
0.5,0.5
0.5,0.5
0.5,0.5
0.5,0.5
0.5,0.5
0.5,0.5
0.5,0.5
0.5,0.5
0.5,0.5
0.5,0.5
0.5,0.5
0.5,0.5
0.5,0.5
0.5,0.5
0.5,0.5
0.5,0.5
0.5,0.5
0.5,0.5
0.5,0.5
0.5,0.5
0.5,0.5
0.5,0.5
0.5,0.5
0.5,0.5
0.5,0.5
0.5,0.5
0.5,0.5
0.5,0.5
0.5,0.5
0.5,0.5
0.5,0.5
0.5,0.5
0.5,0.5
0.5,0.5
0.5,0.5
0.5,0.5
0.5,0.5
0.5,0.5
0.5,0.5
0.5,0.5
0.5,0.5
0.5,0.5
0.5,0.5
0.5,0.5
0.5,0.5
0.5,0.5
0.5,0.5
0.5,0.5
0.5,0.5
0.5,0.5
0.5,0.5
0.5,0.5
0.5,0.5
0.5,0.5
0.5,0.5
0.5,0.5
0.5,0.5
0.5,0.5
0.5,0.5
0.5,0.5
0.5,0.5
0.5,0.5
0.5,0.5
0.5,0.5
0.5,0.5
0.5,0.5
0.5,0.5
0.5,0.5
0.5,0.5
0.5,0.5
0.5,0.5
0.5,0.5
0.5,0.5
0.5,0.5
0.5,0.5
0.5,0.5
0.5,0.5
0.5,0.5
0.5,0.5
0.5,0.5
0.5,0.5
0.5,0.5
0.5,0.5
0.5,0.5
0.5,0.5
0.5,0.5
0.5,0.5
0.5,0.5
0.5,0.5
0.5,0.5
0.5,0.5
0.5,0.5
0.5,0.5
0.5,0.5
0.5,0.5
0.5,0.5
0.5,0.5
0.5,0.5
0.5,0.5
0.5,0.5
0.5,0.5
0.5,0.5
0.5,0.5
0.5,0.5
0.5,0.5
0.5,0.5
0.5,0.5
0.5,0.5
0.5,0.5
0.5,0.5
0.5,0.5
0.5,0.5
0.5,0.5
0.5,0.5
0.5,0.5
0.5,0.5
0.5,0.5
0.5,0.5
0.5,0.5
0.5,0.5
0.5,0.5
0.5,0.5
0.5,0.5
0.5,0.5
0.5,0.5
0.5,0.5
0.5,0.5
0.5,0.5
0.5,0.5
0.5,0.5
0.5,0.5
0.5,0.5
0.5,0.5
0.5,0.5
0.5,0.5
0.5,0.5
0.5,0.5
0.5,0.5
0.5,0.5
0.5,0.5
0.5,0.5
0.5,0.5
0.5,0.5
0.5,0.5
0.5,0.5
0.5,0.5
0.5,0.5
0.5,0.5
0.5,0.5
0.5,0.5
0.5,0.5
0.5,0.5
0.5,0.5
0.5,0.5
0.5,0.5
0.5,0.5
0.5,0.5
0.5,0.5
0.5,0.5
0.5,0.5
0.5,0.5
0.5,0.5
0.5,0.5
0.5,0.5
0.5,0.5
0.5,0.5
0.5,0.5
0.5,0.5
0.5,0.5
0.5,0.5
0.5,0.5
0.5,0.5
0.5,0.5
0.5,0.5
0.5,0.5
0.5,0.5
0.5,0.5
0.5,0.5
0.5,0.5
0.5,0.5
0.5,0.5
0.5,0.5
0.5,0.5
0.5,0.5
0.5,0.5
0.5,0.5
0.5,0.5
0.5,0.5
0.5,0.5
0.5,0.5
0.5,0.5
0.5,0.5
0.5,0.5
0.5,0.5
0.5,0.5
0.5,0.5
0.5,0.5
0.5,0.5
0.5,0.5
0.5,0.5
0.5,0.5
0.5,0.5
0.5,0.5
0.5,0.5
0.5,0.5
0.5,0.5
0.5,0.5
0.5,0.5
0.5,0.5
0.5,0.5
0.5,0.5
0.5,0.5
0.5,0.5
0.5,0.5
0.5,0.5
0.5,0.5
0.5,0.5
0.5,0.5
0.5,0.5
0.5,0.5
0.5,0.5
0.5,0.5
0.5,0.5
0.5,0.5
0.5,0.5
0.5,0.5
0.5,0.5
0.5,0.5
0.5,0.5
0.5,0.5
0.5,0.5
0.5,0.5
0.5,0.5
0.5,0.5
0.5,0.5
0.5,0.5
0.5,0.5
0.5,0.5
0.5,0.5
0.5,0.5
0.5,0.5
0.5,0.5
0.5,0.5
0.5,0.5
0.5,0.5
0.5,0.5
0.5,0.5
0.5,0.5
0.5,0.5
0.5,0.5
0.5,0.5
0.5,0.5
0.5,0.5
0.5,0.5
0.5,0.5
0.5,0.5
0.5,0.5
0.5,0.5
0.5,0.5
0.5,0.5
0.5,0.5
0.5,0.5
0.5,0.5
0.5,0.5
0.5,0.5
0.5,0.5
0.5,0.5
0.5,0.5
0.5,0.5
0.5,0.5
0.5,0.5
0.5,0.5
0.5,0.5
0.5,0.5
0.5,0.5
0.5,0.5
0.5,0.5
0.5,0.5
0.5,0.5
0.5,0.5
0.5,0.5
0.5,0.5
0.5,0.5
0.5,0.5
0.5,0.5
0.5,0.5
0.5,0.5
0.5,0.5
0.5,0.5
0.5,0.5
0.5,0.5
0.5,0.5
0.5,0.5
0.5,0.5
0.5,0.5
0.5,0.5
0.5,0.5
0.5,0.5
0.5,0.5
0.5,0.5
0.5,0.5
0.5,0.5
0.5,0.5
0.5,0.5
0.5,0.5
0.5,0.5
0.5,0.5
0.5,0.5
0.5,0.5
0.5,0.5
0.5,0.5
0.5,0.5
0.5,0.5
0.5,0.5
0.5,0.5
0.5,0.5
0.5,0.5
0.5,0.5
0.5,0.5
0.5,0.5
0.5,0.5
0.5,0.5
0.5,0.5
0.5,0.5
0.5,0.5
0.5,0.5
0.5,0.5
0.5,0.5
0.5,0.5
0.5,0.5
0.5,0.5
0.5,0.5
0.5,0.5
0.5,0.5
0.5,0.5
0.5,0.5
0.5,0.5
0.5,0.5
0.5,0.5
0.5,0.5
0.5,0.5
0.5,0.5
0.5,0.5
0.5,0.5
0.5,0.5
0.5,0.5
0.5,0.5
0.5,0.5
0.5,0.5
0.5,0.5
0.5,0.5
0.5,0.5
0.5,0.5
0.5,0.5
0.5,0.5
0.5,0.5
0.5,0.5
0.5,0.5
0.5,0.5
0.5,0.5
0.5,0.5
0.5,0.5
0.5,0.5
0.5,0.5
0.5,0.5
0.5,0.5
0.5,0.5
0.5,0.5
0.5,0.5
0.5,0.5
0.5,0.5
0.5,0.5
0.5,0.5
0.5,0.5
0.5,0.5
0.5,0.5
0.5,0.5
0.5,0.5
0.5,0.5
0.5,0.5
0.5,0.5
0.5,0.5
0.5,0.5
0.5,0.5
0.5,0.5
0.5,0.5
0.5,0.5
0.5,0.5
0.5,0.5
0.5,0.5
0.5,0.5
0.5,0.5
0.5,0.5
0.5,0.5
0.5,0.5
0.5,0.5
0.5,0.5
0.5,0.5
0.5,0.5
0.5,0.5
0.5,0.5
0.5,0.5
0.5,0.5
0.5,0.5
0.5,0.5
0.5,0.5
0.5,0.5
0.5,0.5
0.5,0.5
0.5,0.5
0.5,0.5
0.5,0.5
0.5,0.5
0.5,0.5
0.5,0.5
0.5,0.5
0.5,0.5
0.5,0.5
0.5,0.5
0.5,0.5
0.5,0.5
0.5,0.5
0.5,0.5
0.5,0.5
0.5,0.5
0.5,0.5
0.5,0.5
0.5,0.5
0.5,0.5
0.5,0.5
0.5,0.5
0.5,0.5
0.5,0.5
0.5,0.5
0.5,0.5
0.5,0.5
0.5,0.5
0.5,0.5
0.5,0.5
0.5,0.5
0.5,0.5
0.5,0.5
0.5,0.5
0.5,0.5
0.5,0.5
0.5,0.5
0.5,0.5
0.5,0.5
0.5,0.5
0.5,0.5
0.5,0.5
0.5,0.5
0.5,0.5
0.5,0.5
0.5,0.5
0.5,0.5
0.5,0.5
0.5,0.5
0.5,0.5
0.5,0.5
0.5,0.5
0.5,0.5
0.5,0.5
0.5,0.5
0.5,0.5
0.5,0.5
0.5,0.5
0.5,0.5
0.5,0.5
0.5,0.5
0.5,0.5
0.5,0.5
0.5,0.5
0.5,0.5
0.5,0.5
0.5,0.5
0.5,0.5
0.5,0.5
0.5,0.5
0.5,0.5
0.5,0.5
0.5,0.5
0.5,0.5
0.5,0.5
0.5,0.5
0.5,0.5
0.5,0.5
0.5,0.5
0.5,0.5
0.5,0.5
0.5,0.5
0.5,0.5
0.5,0.5
0.5,0.5
0.5,0.5
0.5,0.5
0.5,0.5
0.5,0.5
0.5,0.5
0.5,0.5
0.5,0.5
0.5,0.5
0.5,0.5
0.5,0.5
0.5,0.5
0.5,0.5
0.5,0.5
0.5,0.5
0.5,0.5
0.5,0.5
0.5,0.5
0.5,0.5
0.5,0.5
0.5,0.5
0.5,0.5
0.5,0.5
0.5,0.5
0.5,0.5
0.5,0.5
0.5,0.5
0.5,0.5
0.5,0.5
0.5,0.5
0.5,0.5
0.5,0.5
0.5,0.5
0.5,0.5
0.5,0.5
0.5,0.5
0.5,0.5
0.5,0.5
0.5,0.5
0.5,0.5
0.5,0.5
0.5,0.5
0.5,0.5
0.5,0.5
0.5,0.5
0.5,0.5
0.5,0.5
0.5,0.5
0.5,0.5
0.5,0.5
0.5,0.5
0.5,0.5
0.5,0.5
0.5,0.5
0.5,0.5
0.5,0.5
0.5,0.5
0.5,0.5
0.5,0.5
0.5,0.5
0.5,0.5
0.5,0.5
0.5,0.5
0.5,0.5
0.5,0.5
0.5,0.5
0.5,0.5
0.5,0.5
0.5,0.5
0.5,0.5
0.5,0.5
0.5,0.5
0.5,0.5
0.5,0.5
0.5,0.5
0.5,0.5
0.5,0.5
0.5,0.5
0.5,0.5
0.5,0.5
0.5,0.5
0.5,0.5
0.5,0.5
0.5,0.5
0.5,0.5
0.5,0.5
0.5,0.5
0.5,0.5
0.5,0.5
0.5,0.5
0.5,0.5
0.5,0.5
0.5,0.5
0.5,0.5
0.5,0.5
0.5,0.5
0.5,0.5
0.5,0.5
0.5,0.5
0.5,0.5
0.5,0.5
0.5,0.5
0.5,0.5
0.5,0.5
0.5,0.5
0.5,0.5
0.5,0.5
0.5,0.5
0.5,0.5
0.5,0.5
0.5,0.5
0.5,0.5
0.5,0.5
0.5,0.5
0.5,0.5
0.5,0.5
0.5,0.5
0.5,0.5
0.5,0.5
0.5,0.5
0.5,0.5
0.5,0.5
0.5,0.5
0.5,0.5
0.5,0.5
0.5,0.5
0.5,0.5
0.5,0.5
0.5,0.5
0.5,0.5
0.5,0.5
0.5,0.5
0.5,0.5
0.5,0.5
0.5,0.5
0.5,0.5
0.5,0.5
0.5,0.5
0.5,0.5
0.5,0.5
0.5,0.5
0.5,0.5
0.5,0.5
0.5,0.5
0.5,0.5
0.5,0.5
0.5,0.5
0.5,0.5
0.5,0.5
0.5,0.5
0.5,0.5
0.5,0.5
0.5,0.5
0.5,0.5
0.5,0.5
0.5,0.5
0.5,0.5
0.5,0.5
0.5,0.5
0.5,0.5
0.5,0.5
0.5,0.5
0.5,0.5
0.5,0.5
0.5,0.5
0.5,0.5
0.5,0.5
0.5,0.5
0.5,0.5
0.5,0.5
0.5,0.5
0.5,0.5
0.5,0.5
0.5,0.5
0.5,0.5
0.5,0.5
0.5,0.5
0.5,0.5
0.5,0.5
0.5,0.5
0.5,0.5
0.5,0.5
0.5,0.5
0.5,0.5
0.5,0.5
0.5,0.5
0.5,0.5
0.5,0.5
0.5,0.5
0.5,0.5
0.5,0.5
0.5,0.5
0.5,0.5
0.5,0.5
0.5,0.5
0.5,0.5
0.5,0.5
0.5,0.5
0.5,0.5
0.5,0.5
0.5,0.5
0.5,0.5
0.5,0.5
0.5,0.5
0.5,0.5
0.5,0.5
0.5,0.5
0.5,0.5
0.5,0.5
0.5,0.5
0.5,0.5
0.5,0.5
0.5,0.5
0.5,0.5
0.5,0.5
0.5,0.5
0.5,0.5
0.5,0.5
0.5,0.5
0.5,0.5
0.5,0.5
0.5,0.5
0.5,0.5
0.5,0.5
0.5,0.5
0.5,0.5
0.5,0.5
0.5,0.5
0.5,0.5
0.5,0.5
0.5,0.5
0.5,0.5
0.5,0.5
0.5,0.5
0.5,0.5
0.5,0.5
0.5,0.5
0.5,0.5
0.5,0.5
0.5,0.5
0.5,0.5
0.5,0.5
0.5,0.5
0.5,0.5
0.5,0.5
0.5,0.5
0.5,0.5
0.5,0.5
0.5,0.5
0.5,0.5
0.5,0.5
0.5,0.5
0.5,0.5
0.5,0.5
0.5,0.5
0.5,0.5
0.5,0.5
0.5,0.5
0.5,0.5
0.5,0.5
0.5,0.5
0.5,0.5
0.5,0.5
0.5,0.5
0.5,0.5
0.5,0.5
0.5,0.5
0.5,0.5
0.5,0.5
0.5,0.5
0.5,0.5
0.5,0.5
0.5,0.5
0.5,0.5
0.5,0.5
0.5,0.5
0.5,0.5
0.5,0.5
0.5,0.5
0.5,0.5
0.5,0.5
0.5,0.5
0.5,0.5
0.5,0.5
0.5,0.5
0.5,0.5
0.5,0.5
0.5,0.5
0.5,0.5
0.5,0.5
0.5,0.5
0.5,0.5
0.5,0.5
0.5,0.5
0.5,0.5
0.5,0.5
0.5,0.5
0.5,0.5
0.5,0.5
0.5,0.5
0.5,0.5
0.5,0.5
0.5,0.5
0.5,0.5
0.5,0.5
0.5,0.5
0.5,0.5
0.5,0.5
0.5,0.5
0.5,0.5
0.5,0.5
0.5,0.5
0.5,0.5
0.5,0.5
0.5,0.5
0.5,0.5
0.5,0.5
0.5,0.5
0.5,0.5
0.5,0.5
0.5,0.5
0.5,0.5
0.5,0.5
0.5,0.5
0.5,0.5
0.5,0.5
0.5,0.5
0.5,0.5
0.5,0.5
0.5,0.5
0.5,0.5
0.5,0.5
0.5,0.5
0.5,0.5
0.5,0.5
0.5,0.5
0.5,0.5
0.5,0.5
0.5,0.5
0.5,0.5
0.5,0.5
0.5,0.5
0.5,0.5
0.5,0.5
0.5,0.5
0.5,0.5
0.5,0.5
0.5,0.5
0.5,0.5
0.5,0.5
0.5,0.5
0.5,0.5
0.5,0.5
0.5,0.5
0.5,0.5
0.5,0.5
0.5,0.5
0.5,0.5
0.5,0.5
0.5,0.5
0.5,0.5
0.5,0.5
0.5,0.5
0.5,0.5
0.5,0.5
0.5,0.5
0.5,0.5
0.5,0.5
0.5,0.5
0.5,0.5
0.5,0.5
0.5,0.5
0.5,0.5
0.5,0.5
0.5,0.5
0.5,0.5
0.5,0.5
0.5,0.5
0.5,0.5
0.5,0.5
0.5,0.5
0.5,0.5
0.5,0.5
0.5,0.5
0.5,0.5
0.5,0.5
0.5,0.5
0.5,0.5
0.5,0.5
0.5,0.5
0.5,0.5
0.5,0.5
0.5,0.5
0.5,0.5
0.5,0.5
0.5,0.5
0.5,0.5
0.5,0.5
0.5,0.5
0.5,0.5
0.5,0.5
0.5,0.5
0.5,0.5
0.5,0.5
0.5,0.5
0.5,0.5
0.5,0.5
0.5,0.5
0.5,0.5
0.5,0.5
0.5,0.5
0.5,0.5
0.5,0.5
0.5,0.5
0.5,0.5
0.5,0.5
0.5,0.5
0.5,0.5
0.5,0.5
0.5,0.5
0.5,0.5
0.5,0.5
0.5,0.5
0.5,0.5
0.5,0.5
0.5,0.5
0.5,0.5
0.5,0.5
0.5,0.5
0.5,0.5
0.5,0.5
0.5,0.5
0.5,0.5
0.5,0.5
0.5,0.5
0.5,0.5
0.5,0.5
0.5,0.5
0.5,0.5
0.5,0.5
0.5,0.5
0.5,0.5
0.5,0.5
0.5,0.5
0.5,0.5
0.5,0.5
0.5,0.5
0.5,0.5
0.5,0.5
0.5,0.5
0.5,0.5
0.5,0.5
0.5,0.5
0.5,0.5
0.5,0.5
0.5,0.5
0.5,0.5
0.5,0.5
0.5,0.5
0.5,0.5
0.5,0.5
0.5,0.5
0.5,0.5
0.5,0.5
0.5,0.5
0.5,0.5
0.5,0.5
0.5,0.5
0.5,0.5
0.5,0.5
0.5,0.5
0.5,0.5
0.5,0.5
0.5,0.5
0.5,0.5
0.5,0.5
0.5,0.5
0.5,0.5
0.5,0.5
0.5,0.5
0.5,0.5
0.5,0.5
0.5,0.5
0.5,0.5
0.5,0.5
0.5,0.5
0.5,0.5
0.5,0.5
0.5,0.5
0.5,0.5
0.5,0.5
0.5,0.5
0.5,0.5
0.5,0.5
0.5,0.5
0.5,0.5
0.5,0.5
0.5,0.5
0.5,0.5
0.5,0.5
0.5,0.5
0.5,0.5
0.5,0.5
0.5,0.5
0.5,0.5
0.5,0.5
0.5,0.5
0.5,0.5
0.5,0.5
0.5,0.5
0.5,0.5
0.5,0.5
0.5,0.5
0.5,0.5
0.5,0.5
0.5,0.5
0.5,0.5
0.5,0.5
0.5,0.5
0.5,0.5
0.5,0.5
0.5,0.5
0.5,0.5
0.5,0.5
0.5,0.5
0.5,0.5
0.5,0.5
0.5,0.5
0.5,0.5
0.5,0.5
0.5,0.5
0.5,0.5
0.5,0.5
0.5,0.5
0.5,0.5
0.5,0.5
0.5,0.5
0.5,0.5
0.5,0.5
0.5,0.5
0.5,0.5
0.5,0.5
0.5,0.5
0.5,0.5
0.5,0.5
0.5,0.5
0.5,0.5
0.5,0.5
0.5,0.5
0.5,0.5
0.5,0.5
0.5,0.5
0.5,0.5
0.5,0.5
0.5,0.5
0.5,0.5
0.5,0.5
0.5,0.5
0.5,0.5
0.5,0.5
0.5,0.5
0.5,0.5
0.5,0.5
0.5,0.5
0.5,0.5
0.5,0.5
0.5,0.5
0.5,0.5
0.5,0.5
0.5,0.5
0.5,0.5
0.5,0.5
0.5,0.5
0.5,0.5
0.5,0.5
0.5,0.5
0.5,0.5
0.5,0.5
0.5,0.5
0.5,0.5
0.5,0.5
0.5,0.5
0.5,0.5
0.5,0.5
0.5,0.5
0.5,0.5
0.5,0.5
0.5,0.5
0.5,0.5
0.5,0.5
0.5,0.5
0.5,0.5
0.5,0.5
0.5,0.5
0.5,0.5
0.5,0.5
0.5,0.5
0.5,0.5
0.5,0.5
0.5,0.5
0.5,0.5
0.5,0.5
0.5,0.5
0.5,0.5
0.5,0.5
0.5,0.5
0.5,0.5
0.5,0.5
0.5,0.5
0.5,0.5
0.5,0.5
0.5,0.5
0.5,0.5
0.5,0.5
0.5,0.5
0.5,0.5
0.5,0.5
0.5,0.5
0.5,0.5
0.5,0.5
0.5,0.5
0.5,0.5
0.5,0.5
0.5,0.5
0.5,0.5
0.5,0.5
0.5,0.5
0.5,0.5
0.5,0.5
0.5,0.5
0.5,0.5
0.5,0.5
0.5,0.5
0.5,0.5
0.5,0.5
0.5,0.5
0.5,0.5
0.5,0.5
0.5,0.5
0.5,0.5
0.5,0.5
0.5,0.5
0.5,0.5
0.5,0.5
0.5,0.5
0.5,0.5
0.5,0.5
0.5,0.5
0.5,0.5
0.5,0.5
0.5,0.5
0.5,0.5
0.5,0.5
0.5,0.5
0.5,0.5
0.5,0.5
0.5,0.5
0.5,0.5
0.5,0.5
0.5,0.5
0.5,0.5
0.5,0.5
0.5,0.5
0.5,0.5
0.5,0.5
0.5,0.5
0.5,0.5
0.5,0.5
0.5,0.5
0.5,0.5
0.5,0.5
0.5,0.5
0.5,0.5
0.5,0.5
0.5,0.5
0.5,0.5
0.5,0.5
0.5,0.5
0.5,0.5
0.5,0.5
0.5,0.5
0.5,0.5
0.5,0.5
0.5,0.5
0.5,0.5
0.5,0.5
0.5,0.5
0.5,0.5
0.5,0.5
0.5,0.5
0.5,0.5
0.5,0.5
0.5,0.5
0.5,0.5
0.5,0.5
0.5,0.5
0.5,0.5
0.5,0.5
0.5,0.5
0.5,0.5
0.5,0.5
0.5,0.5
0.5,0.5
0.5,0.5
0.5,0.5
0.5,0.5
0.5,0.5
0.5,0.5
0.5,0.5
0.5,0.5
0.5,0.5
0.5,0.5
0.5,0.5
0.5,0.5
0.5,0.5
0.5,0.5
0.5,0.5
0.5,0.5
0.5,0.5
0.5,0.5
0.5,0.5
0.5,0.5
0.5,0.5
0.5,0.5
0.5,0.5
0.5,0.5
0.5,0.5
0.5,0.5
0.5,0.5
0.5,0.5
0.5,0.5
0.5,0.5
0.5,0.5
0.5,0.5
0.5,0.5
0.5,0.5
0.5,0.5
0.5,0.5
0.5,0.5
0.5,0.5
0.5,0.5
0.5,0.5
0.5,0.5
0.5,0.5
0.5,0.5
0.5,0.5
0.5,0.5
0.5,0.5
0.5,0.5
0.5,0.5
0.5,0.5
0.5,0.5
0.5,0.5
0.5,0.5
0.5,0.5
0.5,0.5
0.5,0.5
0.5,0.5
0.5,0.5
0.5,0.5
0.5,0.5
0.5,0.5
0.5,0.5
0.5,0.5
0.5,0.5
0.5,0.5
0.5,0.5
0.5,0.5
0.5,0.5
0.5,0.5
0.5,0.5
0.5,0.5
0.5,0.5
0.5,0.5
0.5,0.5
0.5,0.5
0.5,0.5
0.5,0.5
0.5,0.5
0.5,0.5
0.5,0.5
0.5,0.5
0.5,0.5
0.5,0.5
0.5,0.5
0.5,0.5
0.5,0.5
0.5,0.5
0.5,0.5
0.5,0.5
0.5,0.5
0.5,0.5
0.5,0.5
0.5,0.5
0.5,0.5
0.5,0.5
0.5,0.5
0.5,0.5
0.5,0.5
0.5,0.5
0.5,0.5
0.5,0.5
0.5,0.5
0.5,0.5
0.5,0.5
0.5,0.5
0.5,0.5
0.5,0.5
0.5,0.5
0.5,0.5
0.5,0.5
0.5,0.5
0.5,0.5
0.5,0.5
0.5,0.5
0.5,0.5
0.5,0.5
0.5,0.5
0.5,0.5
0.5,0.5
0.5,0.5
0.5,0.5
0.5,0.5
0.5,0.5
0.5,0.5
0.5,0.5
0.5,0.5
0.5,0.5
0.5,0.5
0.5,0.5
0.5,0.5
0.5,0.5
0.5,0.5
0.5,0.5
0.5,0.5
0.5,0.5
0.5,0.5
0.5,0.5
0.5,0.5
0.5,0.5
0.5,0.5
0.5,0.5
0.5,0.5
0.5,0.5
0.5,0.5
0.5,0.5
0.5,0.5
0.5,0.5
0.5,0.5
0.5,0.5
0.5,0.5
0.5,0.5
0.5,0.5
0.5,0.5
0.5,0.5
0.5,0.5
0.5,0.5
0.5,0.5
0.5,0.5
0.5,0.5
0.5,0.5
0.5,0.5
0.5,0.5
0.5,0.5
0.5,0.5
0.5,0.5
0.5,0.5
0.5,0.5
0.5,0.5
0.5,0.5
0.5,0.5
0.5,0.5
0.5,0.5
0.5,0.5
0.5,0.5
0.5,0.5
0.5,0.5
0.5,0.5
0.5,0.5
0.5,0.5
0.5,0.5
0.5,0.5
0.5,0.5
0.5,0.5
0.5,0.5
0.5,0.5
0.5,0.5
0.5,0.5
0.5,0.5
0.5,0.5
0.5,0.5
0.5,0.5
0.5,0.5
0.5,0.5
0.5,0.5
0.5,0.5
0.5,0.5
0.5,0.5
0.5,0.5
0.5,0.5
0.5,0.5
0.5,0.5
0.5,0.5
0.5,0.5
0.5,0.5
0.5,0.5
0.5,0.5
0.5,0.5
0.5,0.5
0.5,0.5
0.5,0.5
0.5,0.5
0.5,0.5
0.5,0.5
0.5,0.5
0.5,0.5
0.5,0.5
0.5,0.5
0.5,0.5
0.5,0.5
0.5,0.5
0.5,0.5
0.5,0.5
0.5,0.5
0.5,0.5
0.5,0.5
0.5,0.5
0.5,0.5
0.5,0.5
0.5,0.5
0.5,0.5
0.5,0.5
0.5,0.5
0.5,0.5
0.5,0.5
0.5,0.5
0.5,0.5
0.5,0.5
0.5,0.5
0.5,0.5
0.5,0.5
0.5,0.5
0.5,0.5
0.5,0.5
0.5,0.5
0.5,0.5
0.5,0.5
0.5,0.5
0.5,0.5
0.5,0.5
0.5,0.5
0.5,0.5
0.5,0.5
0.5,0.5
0.5,0.5
0.5,0.5
0.5,0.5
0.5,0.5
0.5,0.5
0.5,0.5
0.5,0.5
0.5,0.5
0.5,0.5
0.5,0.5
0.5,0.5
0.5,0.5
0.5,0.5
0.5,0.5
0.5,0.5
0.5,0.5
0.5,0.5
0.5,0.5
0.5,0.5
0.5,0.5
0.5,0.5
0.5,0.5
0.5,0.5
0.5,0.5
0.5,0.5
0.5,0.5
0.5,0.5
0.5,0.5
0.5,0.5
0.5,0.5
0.5,0.5
0.5,0.5
0.5,0.5
0.5,0.5
0.5,0.5
0.5,0.5
0.5,0.5
0.5,0.5
0.5,0.5
0.5,0.5
0.5,0.5
0.5,0.5
0.5,0.5
0.5,0.5
0.5,0.5
0.5,0.5
0.5,0.5
0.5,0.5
0.5,0.5
0.5,0.5
0.5,0.5
0.5,0.5
0.5,0.5
0.5,0.5
0.5,0.5
0.5,0.5
0.5,0.5
0.5,0.5
0.5,0.5
0.5,0.5
0.5,0.5
0.5,0.5
0.5,0.5
0.5,0.5
0.5,0.5
0.5,0.5
0.5,0.5
0.5,0.5
0.5,0.5
0.5,0.5
0.5,0.5
0.5,0.5
0.5,0.5
0.5,0.5
0.5,0.5
0.5,0.5
0.5,0.5
0.5,0.5
0.5,0.5
0.5,0.5
0.5,0.5
0.5,0.5
0.5,0.5
0.5,0.5
0.5,0.5
0.5,0.5
0.5,0.5
0.5,0.5
0.5,0.5
0.5,0.5
0.5,0.5
0.5,0.5
0.5,0.5
0.5,0.5
0.5,0.5
0.5,0.5
0.5,0.5
0.5,0.5
0.5,0.5
0.5,0.5
0.5,0.5
0.5,0.5
0.5,0.5
0.5,0.5
0.5,0.5
0.5,0.5
0.5,0.5
0.5,0.5
0.5,0.5
0.5,0.5
0.5,0.5
0.5,0.5
0.5,0.5
0.5,0.5
0.5,0.5
0.5,0.5
0.5,0.5
0.5,0.5
0.5,0.5
0.5,0.5
0.5,0.5
0.5,0.5
0.5,0.5
0.5,0.5
0.5,0.5
0.5,0.5
0.5,0.5
0.5,0.5
0.5,0.5
0.5,0.5
0.5,0.5
0.5,0.5
0.5,0.5
0.5,0.5
0.5,0.5
0.5,0.5
0.5,0.5
0.5,0.5
0.5,0.5
0.5,0.5
0.5,0.5
0.5,0.5
0.5,0.5
0.5,0.5
0.5,0.5
0.5,0.5
0.5,0.5
0.5,0.5
0.5,0.5
0.5,0.5
0.5,0.5
0.5,0.5
0.5,0.5
0.5,0.5
0.5,0.5
0.5,0.5
0.5,0.5
0.5,0.5
0.5,0.5
0.5,0.5
0.5,0.5
0.5,0.5
0.5,0.5
0.5,0.5
0.5,0.5
0.5,0.5
0.5,0.5
0.5,0.5
0.5,0.5
0.5,0.5
0.5,0.5
0.5,0.5
0.5,0.5
0.5,0.5
0.5,0.5
0.5,0.5
0.5,0.5
0.5,0.5
0.5,0.5
0.5,0.5
0.5,0.5
0.5,0.5
0.5,0.5
0.5,0.5
0.5,0.5
0.5,0.5
0.5,0.5
0.5,0.5
0.5,0.5
0.5,0.5
0.5,0.5
0.5,0.5
0.5,0.5
0.5,0.5
0.5,0.5
0.5,0.5
0.5,0.5
0.5,0.5
0.5,0.5
0.5,0.5
0.5,0.5
0.5,0.5
0.5,0.5
0.5,0.5
0.5,0.5
0.5,0.5
0.5,0.5
0.5,0.5
0.5,0.5
0.5,0.5
0.5,0.5
0.5,0.5
0.5,0.5
0.5,0.5
0.5,0.5
0.5,0.5
0.5,0.5
0.5,0.5
0.5,0.5
0.5,0.5
0.5,0.5
0.5,0.5
0.5,0.5
0.5,0.5
0.5,0.5
0.5,0.5
0.5,0.5
0.5,0.5
0.5,0.5
0.5,0.5
0.5,0.5
0.5,0.5
0.5,0.5
0.5,0.5
0.5,0.5
0.5,0.5
0.5,0.5
0.5,0.5
0.5,0.5
0.5,0.5
0.5,0.5
0.5,0.5
0.5,0.5
0.5,0.5
0.5,0.5
0.5,0.5
0.5,0.5
0.5,0.5
0.5,0.5
0.5,0.5
0.5,0.5
0.5,0.5
0.5,0.5
0.5,0.5
0.5,0.5
0.5,0.5
0.5,0.5
0.5,0.5
0.5,0.5
0.5,0.5
0.5,0.5
0.5,0.5
0.5,0.5
0.5,0.5
0.5,0.5
0.5,0.5
0.5,0.5
0.5,0.5
0.5,0.5
0.5,0.5
0.5,0.5
0.5,0.5
0.5,0.5
0.5,0.5
0.5,0.5
0.5,0.5
0.5,0.5
0.5,0.5
0.5,0.5
0.5,0.5
0.5,0.5
0.5,0.5
0.5,0.5
0.5,0.5
0.5,0.5
0.5,0.5
0.5,0.5
0.5,0.5
0.5,0.5
0.5,0.5
0.5,0.5
0.5,0.5
0.5,0.5
0.5,0.5
0.5,0.5
0.5,0.5
0.5,0.5
0.5,0.5
0.5,0.5
0.5,0.5
0.5,0.5
0.5,0.5
0.5,0.5
0.5,0.5
0.5,0.5
0.5,0.5
0.5,0.5
0.5,0.5
0.5,0.5
0.5,0.5
0.5,0.5
0.5,0.5
0.5,0.5
0.5,0.5
0.5,0.5
0.5,0.5
0.5,0.5
0.5,0.5
0.5,0.5
0.5,0.5
0.5,0.5
0.5,0.5
0.5,0.5
0.5,0.5
0.5,0.5
0.5,0.5
0.5,0.5
0.5,0.5
0.5,0.5
0.5,0.5
0.5,0.5
0.5,0.5
0.5,0.5
0.5,0.5
0.5,0.5
0.5,0.5
0.5,0.5
0.5,0.5
0.5,0.5
0.5,0.5
0.5,0.5
0.5,0.5
0.5,0.5
0.5,0.5
0.5,0.5
0.5,0.5
0.5,0.5
0.5,0.5
0.5,0.5
0.5,0.5
0.5,0.5
0.5,0.5
0.5,0.5
0.5,0.5
0.5,0.5
0.5,0.5
0.5,0.5
0.5,0.5
0.5,0.5
0.5,0.5
0.5,0.5
0.5,0.5
0.5,0.5
0.5,0.5
0.5,0.5
0.5,0.5
0.5,0.5
0.5,0.5
0.5,0.5
0.5,0.5
0.5,0.5
0.5,0.5
0.5,0.5
0.5,0.5
0.5,0.5
0.5,0.5
0.5,0.5
0.5,0.5
0.5,0.5
0.5,0.5
0.5,0.5
0.5,0.5
0.5,0.5
0.5,0.5
0.5,0.5
0.5,0.5
0.5,0.5
0.5,0.5
0.5,0.5
0.5,0.5
0.5,0.5
0.5,0.5
0.5,0.5
0.5,0.5
0.5,0.5
0.5,0.5
0.5,0.5
0.5,0.5
0.5,0.5
0.5,0.5
0.5,0.5
0.5,0.5
0.5,0.5
0.5,0.5
0.5,0.5
0.5,0.5
0.5,0.5
0.5,0.5
0.5,0.5
0.5,0.5
0.5,0.5
0.5,0.5
0.5,0.5
0.5,0.5
0.5,0.5
0.5,0.5
0.5,0.5
0.5,0.5
0.5,0.5
0.5,0.5
0.5,0.5
0.5,0.5
0.5,0.5
0.5,0.5
0.5,0.5
0.5,0.5
0.5,0.5
0.5,0.5
0.5,0.5
0.5,0.5
0.5,0.5
0.5,0.5
0.5,0.5
0.5,0.5
0.5,0.5
0.5,0.5
0.5,0.5
0.5,0.5
0.5,0.5
0.5,0.5
0.5,0.5
0.5,0.5
0.5,0.5
0.5,0.5
0.5,0.5
0.5,0.5
0.5,0.5
0.5,0.5
0.5,0.5
0.5,0.5
0.5,0.5
0.5,0.5
0.5,0.5
0.5,0.5
0.5,0.5
0.5,0.5
0.5,0.5
0.5,0.5
0.5,0.5
0.5,0.5
0.5,0.5
0.5,0.5
0.5,0.5
0.5,0.5
0.5,0.5
0.5,0.5
0.5,0.5
0.5,0.5
0.5,0.5
0.5,0.5
0.5,0.5
0.5,0.5
0.5,0.5
0.5,0.5
0.5,0.5
0.5,0.5
0.5,0.5
0.5,0.5
0.5,0.5
0.5,0.5
0.5,0.5
0.5,0.5
0.5,0.5
0.5,0.5
0.5,0.5
0.5,0.5
0.5,0.5
0.5,0.5
0.5,0.5
0.5,0.5
0.5,0.5
0.5,0.5
0.5,0.5
0.5,0.5
0.5,0.5
0.5,0.5
0.5,0.5
0.5,0.5
0.5,0.5
0.5,0.5
0.5,0.5
0.5,0.5
0.5,0.5
0.5,0.5
0.5,0.5
0.5,0.5
0.5,0.5
0.5,0.5
0.5,0.5
0.5,0.5
0.5,0.5
0.5,0.5
0.5,0.5
0.5,0.5
0.5,0.5
0.5,0.5
0.5,0.5
0.5,0.5
0.5,0.5
0.5,0.5
0.5,0.5
0.5,0.5
0.5,0.5
0.5,0.5
0.5,0.5
0.5,0.5
0.5,0.5
0.5,0.5
0.5,0.5
0.5,0.5
0.5,0.5
0.5,0.5
0.5,0.5
0.5,0.5
0.5,0.5
0.5,0.5
0.5,0.5
0.5,0.5
0.5,0.5
0.5,0.5
0.5,0.5
0.5,0.5
0.5,0.5
0.5,0.5
0.5,0.5
0.5,0.5
0.5,0.5
0.5,0.5
0.5,0.5
0.5,0.5
0.5,0.5
0.5,0.5
0.5,0.5
0.5,0.5
0.5,0.5
0.5,0.5
0.5,0.5
0.5,0.5
0.5,0.5
0.5,0.5
0.5,0.5
0.5,0.5
0.5,0.5
0.5,0.5
0.5,0.5
0.5,0.5
0.5,0.5
0.5,0.5
0.5,0.5
0.5,0.5
0.5,0.5
0.5,0.5
0.5,0.5
0.5,0.5
0.5,0.5
0.5,0.5
0.5,0.5
0.5,0.5
0.5,0.5
0.5,0.5
0.5,0.5
0.5,0.5
0.5,0.5
0.5,0.5
0.5,0.5
0.5,0.5
0.5,0.5
0.5,0.5
0.5,0.5
0.5,0.5
0.5,0.5
0.5,0.5
0.5,0.5
0.5,0.5
0.5,0.5
0.5,0.5
0.5,0.5
0.5,0.5
0.5,0.5
0.5,0.5
0.5,0.5
0.5,0.5
0.5,0.5
0.5,0.5
0.5,0.5
0.5,0.5
0.5,0.5
0.5,0.5
0.5,0.5
0.5,0.5
0.5,0.5
0.5,0.5
0.5,0.5
0.5,0.5
0.5,0.5
0.5,0.5
0.5,0.5
0.5,0.5
0.5,0.5
0.5,0.5
0.5,0.5
0.5,0.5
0.5,0.5
0.5,0.5
0.5,0.5
0.5,0.5
0.5,0.5
0.5,0.5
0.5,0.5
0.5,0.5
0.5,0.5
0.5,0.5
0.5,0.5
0.5,0.5
0.5,0.5
0.5,0.5
0.5,0.5
0.5,0.5
0.5,0.5
0.5,0.5
0.5,0.5
0.5,0.5
0.5,0.5
0.5,0.5
0.5,0.5
0.5,0.5
0.5,0.5
0.5,0.5
0.5,0.5
0.5,0.5
0.5,0.5
0.5,0.5
0.5,0.5
0.5,0.5
0.5,0.5
0.5,0.5
0.5,0.5
0.5,0.5
0.5,0.5
0.5,0.5
0.5,0.5
0.5,0.5
0.5,0.5
0.5,0.5
0.5,0.5
0.5,0.5
0.5,0.5
0.5,0.5
0.5,0.5
0.5,0.5
0.5,0.5
0.5,0.5
0.5,0.5
0.5,0.5
0.5,0.5
0.5,0.5
0.5,0.5
0.5,0.5
0.5,0.5
0.5,0.5
0.5,0.5
0.5,0.5
0.5,0.5
0.5,0.5
0.5,0.5
0.5,0.5
0.5,0.5
0.5,0.5
0.5,0.5
0.5,0.5
0.5,0.5
0.5,0.5
0.5,0.5
0.5,0.5
0.5,0.5
0.5,0.5
0.5,0.5
0.5,0.5
0.5,0.5
0.5,0.5
0.5,0.5
0.5,0.5
0.5,0.5
0.5,0.5
0.5,0.5
0.5,0.5
0.5,0.5
0.5,0.5
0.5,0.5
0.5,0.5
0.5,0.5
0.5,0.5
0.5,0.5
0.5,0.5
0.5,0.5
0.5,0.5
0.5,0.5
0.5,0.5
0.5,0.5
0.5,0.5
0.5,0.5
0.5,0.5
0.5,0.5
0.5,0.5
0.5,0.5
0.5,0.5
0.5,0.5
0.5,0.5
0.5,0.5
0.5,0.5
0.5,0.5
0.5,0.5
0.5,0.5
0.5,0.5
0.5,0.5
0.5,0.5
0.5,0.5
0.5,0.5
0.5,0.5
0.5,0.5
0.5,0.5
0.5,0.5
0.5,0.5
0.5,0.5
0.5,0.5
0.5,0.5
0.5,0.5
0.5,0.5
0.5,0.5
0.5,0.5
0.5,0.5
0.5,0.5
0.5,0.5
0.5,0.5
0.5,0.5
0.5,0.5
0.5,0.5
0.5,0.5
0.5,0.5
0.5,0.5
0.5,0.5
0.5,0.5
0.5,0.5
0.5,0.5
0.5,0.5
0.5,0.5
0.5,0.5
0.5,0.5
0.5,0.5
0.5,0.5
0.5,0.5
0.5,0.5
0.5,0.5
0.5,0.5
0.5,0.5
0.5,0.5
0.5,0.5
0.5,0.5
0.5,0.5
0.5,0.5
0.5,0.5
0.5,0.5
0.5,0.5
0.5,0.5
0.5,0.5
0.5,0.5
0.5,0.5
0.5,0.5
0.5,0.5
0.5,0.5
0.5,0.5
0.5,0.5
0.5,0.5
0.5,0.5
0.5,0.5
0.5,0.5
0.5,0.5
0.5,0.5
0.5,0.5
0.5,0.5
0.5,0.5
0.5,0.5
0.5,0.5
0.5,0.5
0.5,0.5
0.5,0.5
0.5,0.5
0.5,0.5
0.5,0.5
0.5,0.5
0.5,0.5
0.5,0.5
0.5,0.5
0.5,0.5
0.5,0.5
0.5,0.5
0.5,0.5
0.5,0.5
0.5,0.5
0.5,0.5
0.5,0.5
0.5,0.5
0.5,0.5
0.5,0.5
0.5,0.5
0.5,0.5
0.5,0.5
0.5,0.5
0.5,0.5
0.5,0.5
0.5,0.5
0.5,0.5
0.5,0.5
0.5,0.5
0.5,0.5
0.5,0.5
0.5,0.5
0.5,0.5
0.5,0.5
0.5,0.5
0.5,0.5
0.5,0.5
0.5,0.5
0.5,0.5
0.5,0.5
0.5,0.5
0.5,0.5
0.5,0.5
0.5,0.5
0.5,0.5
0.5,0.5
0.5,0.5
0.5,0.5
0.5,0.5
0.5,0.5
0.5,0.5
0.5,0.5
0.5,0.5
0.5,0.5
0.5,0.5
0.5,0.5
0.5,0.5
0.5,0.5
0.5,0.5
0.5,0.5
0.5,0.5
0.5,0.5
0.5,0.5
0.5,0.5
0.5,0.5
0.5,0.5
0.5,0.5
0.5,0.5
0.5,0.5
0.5,0.5
0.5,0.5
0.5,0.5
0.5,0.5
0.5,0.5
0.5,0.5
0.5,0.5
0.5,0.5
0.5,0.5
0.5,0.5
0.5,0.5
0.5,0.5
0.5,0.5
0.5,0.5
0.5,0.5
0.5,0.5
0.5,0.5
0.5,0.5
0.5,0.5
0.5,0.5
0.5,0.5
0.5,0.5
0.5,0.5
0.5,0.5
0.5,0.5
0.5,0.5
0.5,0.5
0.5,0.5
0.5,0.5
0.5,0.5
0.5,0.5
0.5,0.5
0.5,0.5
0.5,0.5
0.5,0.5
0.5,0.5
0.5,0.5
0.5,0.5
0.5,0.5
0.5,0.5
0.5,0.5
0.5,0.5
0.5,0.5
0.5,0.5
0.5,0.5
0.5,0.5
0.5,0.5
0.5,0.5
0.5,0.5
0.5,0.5
0.5,0.5
0.5,0.5
0.5,0.5
0.5,0.5
0.5,0.5
0.5,0.5
0.5,0.5
0.5,0.5
0.5,0.5
0.5,0.5
0.5,0.5
0.5,0.5
0.5,0.5
0.5,0.5
0.5,0.5
0.5,0.5
0.5,0.5
0.5,0.5
0.5,0.5
0.5,0.5
0.5,0.5
0.5,0.5
0.5,0.5
0.5,0.5
0.5,0.5
0.5,0.5
0.5,0.5
0.5,0.5
0.5,0.5
0.5,0.5
0.5,0.5
0.5,0.5
0.5,0.5
0.5,0.5
0.5,0.5
0.5,0.5
0.5,0.5
0.5,0.5
0.5,0.5
0.5,0.5
0.5,0.5
0.5,0.5
0.5,0.5
0.5,0.5
0.5,0.5
0.5,0.5
0.5,0.5
0.5,0.5
0.5,0.5
0.5,0.5
0.5,0.5
0.5,0.5
0.5,0.5
0.5,0.5
0.5,0.5
0.5,0.5
0.5,0.5
0.5,0.5
0.5,0.5
0.5,0.5
0.5,0.5
0.5,0.5
0.5,0.5
0.5,0.5
0.5,0.5
0.5,0.5
0.5,0.5
0.5,0.5
0.5,0.5
0.5,0.5
0.5,0.5
0.5,0.5
0.5,0.5
0.5,0.5
0.5,0.5
0.5,0.5
0.5,0.5
0.5,0.5
0.5,0.5
0.5,0.5
0.5,0.5
0.5,0.5
0.5,0.5
0.5,0.5
0.5,0.5
0.5,0.5
0.5,0.5
0.5,0.5
0.5,0.5
0.5,0.5
0.5,0.5
0.5,0.5
0.5,0.5
0.5,0.5
0.5,0.5
0.5,0.5
0.5,0.5
0.5,0.5
0.5,0.5
0.5,0.5
0.5,0.5
0.5,0.5
0.5,0.5
0.5,0.5
0.5,0.5
0.5,0.5
0.5,0.5
0.5,0.5
0.5,0.5
0.5,0.5
0.5,0.5
0.5,0.5
0.5,0.5
0.5,0.5
0.5,0.5
0.5,0.5
0.5,0.5
0.5,0.5
0.5,0.5
0.5,0.5
0.5,0.5
0.5,0.5
0.5,0.5
0.5,0.5
0.5,0.5
0.5,0.5
0.5,0.5
0.5,0.5
0.5,0.5
0.5,0.5
0.5,0.5
0.5,0.5
0.5,0.5
0.5,0.5
0.5,0.5
0.5,0.5
0.5,0.5
0.5,0.5
0.5,0.5
0.5,0.5
0.5,0.5
0.5,0.5
0.5,0.5
0.5,0.5
0.5,0.5
0.5,0.5
0.5,0.5
0.5,0.5
0.5,0.5
0.5,0.5
0.5,0.5
0.5,0.5
0.5,0.5
0.5,0.5
0.5,0.5
0.5,0.5
0.5,0.5
0.5,0.5
0.5,0.5
0.5,0.5
0.5,0.5
0.5,0.5
0.5,0.5
0.5,0.5
0.5,0.5
0.5,0.5
0.5,0.5
0.5,0.5
0.5,0.5
0.5,0.5
0.5,0.5
0.5,0.5
0.5,0.5
0.5,0.5
0.5,0.5
0.5,0.5
0.5,0.5
0.5,0.5
0.5,0.5
0.5,0.5
0.5,0.5
0.5,0.5
0.5,0.5
0.5,0.5
0.5,0.5
0.5,0.5
0.5,0.5
0.5,0.5
0.5,0.5
0.5,0.5
0.5,0.5
0.5,0.5
0.5,0.5
0.5,0.5
0.5,0.5
0.5,0.5
0.5,0.5
0.5,0.5
0.5,0.5
0.5,0.5
0.5,0.5
0.5,0.5
0.5,0.5
0.5,0.5
0.5,0.5
0.5,0.5
0.5,0.5
0.5,0.5
0.5,0.5
0.5,0.5
0.5,0.5
0.5,0.5
0.5,0.5
0.5,0.5
0.5,0.5
0.5,0.5
0.5,0.5
0.5,0.5
0.5,0.5
0.5,0.5
0.5,0.5
0.5,0.5
0.5,0.5
0.5,0.5
0.5,0.5
0.5,0.5
0.5,0.5
0.5,0.5
0.5,0.5
0.5,0.5
0.5,0.5
0.5,0.5
0.5,0.5
0.5,0.5
0.5,0.5
0.5,0.5
0.5,0.5
0.5,0.5
0.5,0.5
0.5,0.5
0.5,0.5
0.5,0.5
0.5,0.5
0.5,0.5
0.5,0.5
0.5,0.5
0.5,0.5
0.5,0.5
0.5,0.5
0.5,0.5
0.5,0.5
0.5,0.5
0.5,0.5
0.5,0.5
0.5,0.5
0.5,0.5
0.5,0.5
0.5,0.5
0.5,0.5
0.5,0.5
0.5,0.5
0.5,0.5
0.5,0.5
0.5,0.5
0.5,0.5
0.5,0.5
0.5,0.5
0.5,0.5
0.5,0.5
0.5,0.5
0.5,0.5
0.5,0.5
0.5,0.5
0.5,0.5
0.5,0.5
0.5,0.5
0.5,0.5
0.5,0.5
0.5,0.5
0.5,0.5
0.5,0.5
0.5,0.5
0.5,0.5
0.5,0.5
0.5,0.5
0.5,0.5
0.5,0.5
0.5,0.5
0.5,0.5
0.5,0.5
0.5,0.5
0.5,0.5
0.5,0.5
0.5,0.5
0.5,0.5
0.5,0.5
0.5,0.5
0.5,0.5
0.5,0.5
0.5,0.5
0.5,0.5
0.5,0.5
0.5,0.5
0.5,0.5
0.5,0.5
0.5,0.5
0.5,0.5
0.5,0.5
0.5,0.5
0.5,0.5
0.5,0.5
0.5,0.5
0.5,0.5
0.5,0.5
0.5,0.5
0.5,0.5
0.5,0.5
0.5,0.5
0.5,0.5
0.5,0.5
0.5,0.5
0.5,0.5
0.5,0.5
0.5,0.5
0.5,0.5
0.5,0.5
0.5,0.5
0.5,0.5
0.5,0.5
0.5,0.5
0.5,0.5
0.5,0.5
0.5,0.5
0.5,0.5
0.5,0.5
0.5,0.5
0.5,0.5
0.5,0.5
0.5,0.5
0.5,0.5
0.5,0.5
0.5,0.5
0.5,0.5
0.5,0.5
0.5,0.5
0.5,0.5
0.5,0.5
0.5,0.5
0.5,0.5
0.5,0.5
0.5,0.5
0.5,0.5
0.5,0.5
0.5,0.5
0.5,0.5
0.5,0.5
0.5,0.5
0.5,0.5
0.5,0.5
0.5,0.5
0.5,0.5
0.5,0.5
0.5,0.5
0.5,0.5
0.5,0.5
0.5,0.5
0.5,0.5
0.5,0.5
0.5,0.5
0.5,0.5
0.5,0.5
0.5,0.5
0.5,0.5
0.5,0.5
0.5,0.5
0.5,0.5
0.5,0.5
0.5,0.5
0.5,0.5
0.5,0.5
0.5,0.5
0.5,0.5
0.5,0.5
0.5,0.5
0.5,0.5
0.5,0.5
0.5,0.5
0.5,0.5
0.5,0.5
0.5,0.5
0.5,0.5
0.5,0.5
0.5,0.5
0.5,0.5
0.5,0.5
0.5,0.5
0.5,0.5
0.5,0.5
0.5,0.5
0.5,0.5
0.5,0.5
0.5,0.5
0.5,0.5
0.5,0.5
0.5,0.5
0.5,0.5
0.5,0.5
0.5,0.5
0.5,0.5
0.5,0.5
0.5,0.5
0.5,0.5
0.5,0.5
0.5,0.5
0.5,0.5
0.5,0.5
0.5,0.5
0.5,0.5
0.5,0.5
0.5,0.5
0.5,0.5
0.5,0.5
0.5,0.5
0.5,0.5
0.5,0.5
0.5,0.5
0.5,0.5
0.5,0.5
0.5,0.5
0.5,0.5
0.5,0.5
0.5,0.5
0.5,0.5
0.5,0.5
0.5,0.5
0.5,0.5
0.5,0.5
0.5,0.5
0.5,0.5
0.5,0.5
0.5,0.5
0.5,0.5
0.5,0.5
0.5,0.5
0.5,0.5
0.5,0.5
0.5,0.5
0.5,0.5
0.5,0.5
0.5,0.5
0.5,0.5
0.5,0.5
0.5,0.5
0.5,0.5
0.5,0.5
0.5,0.5
0.5,0.5
0.5,0.5
0.5,0.5
0.5,0.5
0.5,0.5
0.5,0.5
0.5,0.5
0.5,0.5
0.5,0.5
0.5,0.5
0.5,0.5
0.5,0.5
0.5,0.5
0.5,0.5
0.5,0.5
0.5,0.5
0.5,0.5
0.5,0.5
0.5,0.5
0.5,0.5
0.5,0.5
0.5,0.5
0.5,0.5
0.5,0.5
0.5,0.5
0.5,0.5
0.5,0.5
0.5,0.5
0.5,0.5
0.5,0.5
0.5,0.5
0.5,0.5
0.5,0.5
0.5,0.5
0.5,0.5
0.5,0.5
0.5,0.5
0.5,0.5
0.5,0.5
0.5,0.5
0.5,0.5
0.5,0.5
0.5,0.5
0.5,0.5
0.5,0.5
0.5,0.5
0.5,0.5
0.5,0.5
0.5,0.5
0.5,0.5
0.5,0.5
0.5,0.5
0.5,0.5
0.5,0.5
0.5,0.5
0.5,0.5
0.5,0.5
0.5,0.5
0.5,0.5
0.5,0.5
0.5,0.5
0.5,0.5
0.5,0.5
0.5,0.5
0.5,0.5
0.5,0.5
0.5,0.5
0.5,0.5
0.5,0.5
0.5,0.5
0.5,0.5
0.5,0.5
0.5,0.5
0.5,0.5
0.5,0.5
0.5,0.5
0.5,0.5
0.5,0.5
0.5,0.5
0.5,0.5
0.5,0.5
0.5,0.5
0.5,0.5
0.5,0.5
0.5,0.5
0.5,0.5
0.5,0.5
0.5,0.5
0.5,0.5
0.5,0.5
0.5,0.5
0.5,0.5
0.5,0.5
0.5,0.5
0.5,0.5
0.5,0.5
0.5,0.5
0.5,0.5
0.5,0.5
0.5,0.5
0.5,0.5
0.5,0.5
0.5,0.5
0.5,0.5
0.5,0.5
0.5,0.5
0.5,0.5
0.5,0.5
0.5,0.5
0.5,0.5
0.5,0.5
0.5,0.5
0.5,0.5
0.5,0.5
0.5,0.5
0.5,0.5
0.5,0.5
0.5,0.5
0.5,0.5
0.5,0.5
0.5,0.5
0.5,0.5
0.5,0.5
0.5,0.5
0.5,0.5
0.5,0.5
0.5,0.5
0.5,0.5
0.5,0.5
0.5,0.5
0.5,0.5
0.5,0.5
0.5,0.5
